time,strategy,exchange,symbol,side,sec_type,type,status,price,filled_quantity,multiplier
2021-02-20 10:15:00-05:00,MachineLearningCrypto,SMART,BTC,buy,crypto,market,fill,56672.39,0.8860455097783096,1
2021-02-20 10:30:00-05:00,MachineLearningCrypto,SMART,BTC,sell,crypto,limit,canceled,,,1
2021-02-20 10:30:00-05:00,MachineLearningCrypto,SMART,BTC,sell,crypto,stop,fill,56108.63,0.8860455097783096,1
2021-02-20 17:15:00-05:00,MachineLearningCrypto,SMART,BTC,buy,crypto,market,fill,56131.57,0.8837985761177589,1
2021-02-20 17:15:00-05:00,MachineLearningCrypto,SMART,BTC,sell,crypto,limit,canceled,,,1
2021-02-20 17:15:00-05:00,MachineLearningCrypto,SMART,BTC,sell,crypto,stop,fill,56130.67155,0.8837985761177589,1
2021-02-20 18:00:00-05:00,MachineLearningCrypto,SMART,BTC,buy,crypto,market,fill,55424.0,0.9025381714481081,1
2021-02-20 18:00:00-05:00,MachineLearningCrypto,SMART,BTC,sell,crypto,stop,canceled,,,1
2021-02-20 18:00:00-05:00,MachineLearningCrypto,SMART,BTC,sell,crypto,limit,fill,55558.40180000001,0.9025381714481081,1
2021-02-21 08:00:00-05:00,MachineLearningCrypto,SMART,BTC,sell,crypto,limit,canceled,,,1
2021-02-21 08:00:00-05:00,MachineLearningCrypto,SMART,BTC,sell,crypto,stop,fill,56888.81,0.8725894687802123,1
2021-02-21 08:00:00-05:00,MachineLearningCrypto,SMART,BTC,buy,crypto,market,fill,56888.81,0.8725894687802123,1
2021-02-21 17:45:00-05:00,MachineLearningCrypto,SMART,BTC,buy,crypto,market,fill,57116.26,0.8727126928182469,1
2021-02-21 18:15:00-05:00,MachineLearningCrypto,SMART,BTC,sell,crypto,stop,canceled,,,1
2021-02-21 18:15:00-05:00,MachineLearningCrypto,SMART,BTC,sell,crypto,limit,fill,57444.5,0.8727126928182469,1
2021-02-21 22:45:00-05:00,MachineLearningCrypto,SMART,BTC,sell,crypto,limit,canceled,,,1
2021-02-21 22:45:00-05:00,MachineLearningCrypto,SMART,BTC,sell,crypto,stop,fill,56194.93525000001,0.8867075578209909,1
2021-02-21 22:45:00-05:00,MachineLearningCrypto,SMART,BTC,buy,crypto,market,fill,56289.49,0.8867075578209909,1
2021-02-21 23:00:00-05:00,MachineLearningCrypto,SMART,BTC,sell,crypto,limit,canceled,,,1
2021-02-21 23:00:00-05:00,MachineLearningCrypto,SMART,BTC,sell,crypto,stop,fill,55858.99,0.8884551860092484,1
2021-02-21 23:00:00-05:00,MachineLearningCrypto,SMART,BTC,buy,crypto,market,fill,55858.99,0.8884551860092484,1
2021-02-22 00:00:00-05:00,MachineLearningCrypto,SMART,BTC,buy,crypto,market,fill,55785.61,0.9047213699591684,1
2021-02-22 00:00:00-05:00,MachineLearningCrypto,SMART,BTC,sell,crypto,stop,canceled,,,1
2021-02-22 00:00:00-05:00,MachineLearningCrypto,SMART,BTC,sell,crypto,limit,fill,55785.61,0.9047213699591684,1
2021-02-22 04:00:00-05:00,MachineLearningCrypto,SMART,BTC,sell,crypto,limit,canceled,,,1
2021-02-22 04:00:00-05:00,MachineLearningCrypto,SMART,BTC,sell,crypto,stop,fill,55480.8,0.8944766183037046,1
2021-02-22 04:00:00-05:00,MachineLearningCrypto,SMART,BTC,buy,crypto,market,fill,55480.8,0.8944766183037046,1
2021-02-22 07:15:00-05:00,MachineLearningCrypto,SMART,BTC,buy,crypto,market,fill,53611.82,0.9152197923494884,1
2021-02-22 07:15:00-05:00,MachineLearningCrypto,SMART,BTC,sell,crypto,limit,canceled,,,1
2021-02-22 07:15:00-05:00,MachineLearningCrypto,SMART,BTC,sell,crypto,stop,fill,53611.82,0.9152197923494884,1
2021-02-22 07:30:00-05:00,MachineLearningCrypto,SMART,BTC,sell,crypto,stop,canceled,,,1
2021-02-22 07:30:00-05:00,MachineLearningCrypto,SMART,BTC,sell,crypto,limit,fill,53647.3,0.9368903768282949,1
2021-02-22 07:30:00-05:00,MachineLearningCrypto,SMART,BTC,buy,crypto,market,fill,53647.3,0.9368903768282949,1
2021-02-22 08:00:00-05:00,MachineLearningCrypto,SMART,BTC,sell,crypto,stop,canceled,,,1
2021-02-22 08:00:00-05:00,MachineLearningCrypto,SMART,BTC,sell,crypto,limit,fill,53784.14,0.9358746398224715,1
2021-02-22 08:00:00-05:00,MachineLearningCrypto,SMART,BTC,buy,crypto,market,fill,53784.14,0.9358746398224715,1
2021-02-22 08:30:00-05:00,MachineLearningCrypto,SMART,BTC,sell,crypto,limit,canceled,,,1
2021-02-22 08:30:00-05:00,MachineLearningCrypto,SMART,BTC,sell,crypto,stop,fill,53034.15,0.9338909953431173,1
2021-02-22 08:30:00-05:00,MachineLearningCrypto,SMART,BTC,buy,crypto,market,fill,53034.15,0.9338909953431173,1
2021-02-22 08:45:00-05:00,MachineLearningCrypto,SMART,BTC,buy,crypto,market,fill,53200.0,0.9423292011450444,1
2021-02-22 09:00:00-05:00,MachineLearningCrypto,SMART,BTC,sell,crypto,limit,canceled,,,1
2021-02-22 09:00:00-05:00,MachineLearningCrypto,SMART,BTC,sell,crypto,stop,fill,52066.99,0.9423292011450444,1
2021-02-22 09:30:00-05:00,MachineLearningCrypto,SMART,BTC,sell,crypto,stop,canceled,,,1
2021-02-22 09:30:00-05:00,MachineLearningCrypto,SMART,BTC,sell,crypto,limit,fill,51452.11,0.9882470231190508,1
2021-02-22 09:30:00-05:00,MachineLearningCrypto,SMART,BTC,buy,crypto,market,fill,51452.11,0.9882470231190508,1
2021-02-22 12:30:00-05:00,MachineLearningCrypto,SMART,BTC,buy,crypto,market,fill,52952.9,0.9373196310100068,1
2021-02-22 12:45:00-05:00,MachineLearningCrypto,SMART,BTC,sell,crypto,limit,canceled,,,1
2021-02-22 12:45:00-05:00,MachineLearningCrypto,SMART,BTC,sell,crypto,stop,fill,52457.81545,0.9373196310100068,1
2021-02-22 19:30:00-05:00,MachineLearningCrypto,SMART,BTC,buy,crypto,market,fill,53345.33,0.9231733148424681,1
2021-02-22 20:30:00-05:00,MachineLearningCrypto,SMART,BTC,sell,crypto,limit,canceled,,,1
2021-02-22 20:30:00-05:00,MachineLearningCrypto,SMART,BTC,sell,crypto,stop,fill,52753.44,0.9231733148424681,1
2021-02-22 22:00:00-05:00,MachineLearningCrypto,SMART,BTC,buy,crypto,market,fill,51218.75,0.9504704688315799,1
2021-02-22 23:15:00-05:00,MachineLearningCrypto,SMART,BTC,sell,crypto,market,fill,52045.89,0.9457162854313944,1
2021-02-22 23:30:00-05:00,MachineLearningCrypto,SMART,BTC,buy,crypto,stop,canceled,,,1
2021-02-22 23:30:00-05:00,MachineLearningCrypto,SMART,BTC,buy,crypto,limit,fill,51506.98,0.9457162854313944,1
2021-02-23 00:00:00-05:00,MachineLearningCrypto,SMART,BTC,buy,crypto,market,fill,50754.5,0.9662267848074874,1
2021-02-23 00:15:00-05:00,MachineLearningCrypto,SMART,BTC,sell,crypto,limit,canceled,,,1
2021-02-23 00:15:00-05:00,MachineLearningCrypto,SMART,BTC,sell,crypto,stop,fill,49318.16,0.9662267848074874,1
2021-02-23 00:30:00-05:00,MachineLearningCrypto,SMART,BTC,buy,crypto,market,fill,49366.14,0.9607844252960387,1
2021-02-23 00:30:00-05:00,MachineLearningCrypto,SMART,BTC,sell,crypto,limit,canceled,,,1
2021-02-23 00:30:00-05:00,MachineLearningCrypto,SMART,BTC,sell,crypto,stop,fill,49366.14,0.9607844252960387,1
2021-02-23 00:45:00-05:00,MachineLearningCrypto,SMART,BTC,buy,crypto,market,fill,49982.13,0.9693612175408187,1
2021-02-23 00:45:00-05:00,MachineLearningCrypto,SMART,BTC,sell,crypto,stop,canceled,,,1
2021-02-23 00:45:00-05:00,MachineLearningCrypto,SMART,BTC,sell,crypto,limit,fill,49982.13,0.9693612175408187,1
2021-02-23 01:00:00-05:00,MachineLearningCrypto,SMART,BTC,sell,crypto,market,fill,49952.49,0.9551693680892318,1
2021-02-23 01:00:00-05:00,MachineLearningCrypto,SMART,BTC,buy,crypto,stop,canceled,,,1
2021-02-23 01:00:00-05:00,MachineLearningCrypto,SMART,BTC,buy,crypto,limit,fill,49844.34320000001,0.9551693680892318,1
2021-02-23 01:15:00-05:00,MachineLearningCrypto,SMART,BTC,buy,crypto,market,fill,50864.99,0.9616579940544595,1
2021-02-23 01:15:00-05:00,MachineLearningCrypto,SMART,BTC,sell,crypto,stop,canceled,,,1
2021-02-23 01:15:00-05:00,MachineLearningCrypto,SMART,BTC,sell,crypto,limit,fill,50864.99,0.9616579940544595,1
2021-02-23 01:30:00-05:00,MachineLearningCrypto,SMART,BTC,sell,crypto,market,fill,50658.59,0.951152659769726,1
2021-02-23 01:45:00-05:00,MachineLearningCrypto,SMART,BTC,buy,crypto,stop,canceled,,,1
2021-02-23 01:45:00-05:00,MachineLearningCrypto,SMART,BTC,buy,crypto,limit,fill,50076.14,0.951152659769726,1
2021-02-23 02:30:00-05:00,MachineLearningCrypto,SMART,BTC,sell,crypto,stop,canceled,,,1
2021-02-23 02:30:00-05:00,MachineLearningCrypto,SMART,BTC,sell,crypto,limit,fill,49942.8,0.9680977423962452,1
2021-02-23 02:30:00-05:00,MachineLearningCrypto,SMART,BTC,buy,crypto,market,fill,49942.8,0.9680977423962452,1
2021-02-23 02:45:00-05:00,MachineLearningCrypto,SMART,BTC,buy,crypto,market,fill,50437.49,0.9656592812853947,1
2021-02-23 02:45:00-05:00,MachineLearningCrypto,SMART,BTC,sell,crypto,stop,canceled,,,1
2021-02-23 02:45:00-05:00,MachineLearningCrypto,SMART,BTC,sell,crypto,limit,fill,50437.49,0.9656592812853947,1
2021-02-23 03:30:00-05:00,MachineLearningCrypto,SMART,BTC,sell,crypto,limit,canceled,,,1
2021-02-23 03:30:00-05:00,MachineLearningCrypto,SMART,BTC,sell,crypto,stop,fill,47570.04,0.9818914683631002,1
2021-02-23 03:30:00-05:00,MachineLearningCrypto,SMART,BTC,buy,crypto,market,fill,47570.04,0.9818914683631002,1
2021-02-23 04:00:00-05:00,MachineLearningCrypto,SMART,BTC,sell,crypto,limit,canceled,,,1
2021-02-23 04:00:00-05:00,MachineLearningCrypto,SMART,BTC,sell,crypto,stop,fill,46562.33,0.9850525870237661,1
2021-02-23 04:00:00-05:00,MachineLearningCrypto,SMART,BTC,buy,crypto,market,fill,46562.33,0.9850525870237661,1
2021-02-23 04:15:00-05:00,MachineLearningCrypto,SMART,BTC,sell,crypto,market,fill,46986.47,0.9920135715275481,1
2021-02-23 04:15:00-05:00,MachineLearningCrypto,SMART,BTC,buy,crypto,stop,canceled,,,1
2021-02-23 04:15:00-05:00,MachineLearningCrypto,SMART,BTC,buy,crypto,limit,fill,46981.49870000001,0.9920135715275481,1
2021-02-23 04:30:00-05:00,MachineLearningCrypto,SMART,BTC,sell,crypto,market,fill,48408.04,0.9926834218729691,1
2021-02-23 04:30:00-05:00,MachineLearningCrypto,SMART,BTC,buy,crypto,limit,canceled,,,1
2021-02-23 04:30:00-05:00,MachineLearningCrypto,SMART,BTC,buy,crypto,stop,fill,48408.04,0.9926834218729691,1
2021-02-23 04:45:00-05:00,MachineLearningCrypto,SMART,BTC,sell,crypto,market,fill,47984.64,0.981723851658037,1
2021-02-23 05:15:00-05:00,MachineLearningCrypto,SMART,BTC,buy,crypto,limit,canceled,,,1
2021-02-23 05:15:00-05:00,MachineLearningCrypto,SMART,BTC,buy,crypto,stop,fill,48551.3851,0.981723851658037,1
2021-02-23 05:45:00-05:00,MachineLearningCrypto,SMART,BTC,buy,crypto,market,fill,47214.19,0.9803658967791167,1
2021-02-23 05:45:00-05:00,MachineLearningCrypto,SMART,BTC,sell,crypto,limit,canceled,,,1
2021-02-23 05:45:00-05:00,MachineLearningCrypto,SMART,BTC,sell,crypto,stop,fill,47214.19,0.9803658967791167,1
2021-02-23 06:00:00-05:00,MachineLearningCrypto,SMART,BTC,buy,crypto,market,fill,47531.15,0.9860847591833862,1
2021-02-23 06:15:00-05:00,MachineLearningCrypto,SMART,BTC,sell,crypto,stop,canceled,,,1
2021-02-23 06:15:00-05:00,MachineLearningCrypto,SMART,BTC,sell,crypto,limit,fill,47925.73,0.9860847591833862,1
2021-02-23 06:45:00-05:00,MachineLearningCrypto,SMART,BTC,buy,crypto,market,fill,45237.28,0.9966686886411263,1
2021-02-23 06:45:00-05:00,MachineLearningCrypto,SMART,BTC,sell,crypto,limit,canceled,,,1
2021-02-23 06:45:00-05:00,MachineLearningCrypto,SMART,BTC,sell,crypto,stop,fill,45237.28,0.9966686886411263,1
2021-02-23 07:15:00-05:00,MachineLearningCrypto,SMART,BTC,buy,crypto,limit,canceled,,,1
2021-02-23 07:15:00-05:00,MachineLearningCrypto,SMART,BTC,buy,crypto,stop,fill,46605.83115,0.9988979898124465,1
2021-02-23 07:15:00-05:00,MachineLearningCrypto,SMART,BTC,sell,crypto,market,fill,46576.83,0.9988979898124465,1
2021-02-23 07:45:00-05:00,MachineLearningCrypto,SMART,BTC,buy,crypto,market,fill,47686.24,1.0012000850085345,1
2021-02-23 07:45:00-05:00,MachineLearningCrypto,SMART,BTC,sell,crypto,stop,canceled,,,1
2021-02-23 07:45:00-05:00,MachineLearningCrypto,SMART,BTC,sell,crypto,limit,fill,47686.24,1.0012000850085345,1
2021-02-23 08:00:00-05:00,MachineLearningCrypto,SMART,BTC,sell,crypto,market,fill,48670.54,0.978771054397177,1
2021-02-23 08:00:00-05:00,MachineLearningCrypto,SMART,BTC,buy,crypto,limit,canceled,,,1
2021-02-23 08:00:00-05:00,MachineLearningCrypto,SMART,BTC,buy,crypto,stop,fill,48670.54,0.978771054397177,1
2021-02-23 08:30:00-05:00,MachineLearningCrypto,SMART,BTC,buy,crypto,stop,canceled,,,1
2021-02-23 08:30:00-05:00,MachineLearningCrypto,SMART,BTC,buy,crypto,limit,fill,48680.02,0.9666991415247413,1
2021-02-23 08:30:00-05:00,MachineLearningCrypto,SMART,BTC,sell,crypto,market,fill,48680.02,0.9666991415247413,1
2021-02-23 09:00:00-05:00,MachineLearningCrypto,SMART,BTC,sell,crypto,market,fill,48754.47,0.9782800856080034,1
2021-02-23 09:00:00-05:00,MachineLearningCrypto,SMART,BTC,buy,crypto,limit,canceled,,,1
2021-02-23 09:00:00-05:00,MachineLearningCrypto,SMART,BTC,buy,crypto,stop,fill,48754.47,0.9782800856080034,1
2021-02-23 10:00:00-05:00,MachineLearningCrypto,SMART,BTC,buy,crypto,market,fill,46977.89,0.9959288212812589,1
2021-02-23 10:30:00-05:00,MachineLearningCrypto,SMART,BTC,sell,crypto,stop,canceled,,,1
2021-02-23 10:30:00-05:00,MachineLearningCrypto,SMART,BTC,sell,crypto,limit,fill,48609.54,0.9959288212812589,1
2021-02-23 10:30:00-05:00,MachineLearningCrypto,SMART,BTC,buy,crypto,limit,canceled,,,1
2021-02-23 10:30:00-05:00,MachineLearningCrypto,SMART,BTC,buy,crypto,stop,fill,48609.54,0.992761451503151,1
2021-02-23 10:30:00-05:00,MachineLearningCrypto,SMART,BTC,sell,crypto,market,fill,48609.54,0.992761451503151,1
2021-02-23 11:00:00-05:00,MachineLearningCrypto,SMART,BTC,buy,crypto,stop,canceled,,,1
2021-02-23 11:00:00-05:00,MachineLearningCrypto,SMART,BTC,buy,crypto,limit,fill,48557.16099999998,0.9854238779359855,1
2021-02-23 11:00:00-05:00,MachineLearningCrypto,SMART,BTC,sell,crypto,market,fill,48602.02,0.9854238779359855,1
2021-02-23 11:15:00-05:00,MachineLearningCrypto,SMART,BTC,sell,crypto,market,fill,48530.84,0.995240985597946,1
2021-02-23 12:15:00-05:00,MachineLearningCrypto,SMART,BTC,buy,crypto,stop,canceled,,,1
2021-02-23 12:15:00-05:00,MachineLearningCrypto,SMART,BTC,buy,crypto,limit,fill,46954.15,0.995240985597946,1
2021-02-23 12:30:00-05:00,MachineLearningCrypto,SMART,BTC,sell,crypto,stop,canceled,,,1
2021-02-23 12:30:00-05:00,MachineLearningCrypto,SMART,BTC,sell,crypto,limit,fill,47834.83,1.0268454022820162,1
2021-02-23 12:30:00-05:00,MachineLearningCrypto,SMART,BTC,buy,crypto,market,fill,47834.83,1.0268454022820162,1
2021-02-23 12:45:00-05:00,MachineLearningCrypto,SMART,BTC,buy,crypto,stop,canceled,,,1
2021-02-23 12:45:00-05:00,MachineLearningCrypto,SMART,BTC,buy,crypto,limit,fill,47302.32,1.0156823948735376,1
2021-02-23 12:45:00-05:00,MachineLearningCrypto,SMART,BTC,sell,crypto,market,fill,47302.32,1.0156823948735376,1
2021-02-23 13:15:00-05:00,MachineLearningCrypto,SMART,BTC,sell,crypto,limit,canceled,,,1
2021-02-23 13:15:00-05:00,MachineLearningCrypto,SMART,BTC,sell,crypto,stop,fill,46517.3,1.0269753758498232,1
2021-02-23 13:15:00-05:00,MachineLearningCrypto,SMART,BTC,buy,crypto,market,fill,46517.3,1.0269753758498232,1
2021-02-23 13:30:00-05:00,MachineLearningCrypto,SMART,BTC,buy,crypto,market,fill,47321.6,1.029335240364826,1
2021-02-23 13:45:00-05:00,MachineLearningCrypto,SMART,BTC,sell,crypto,market,fill,47507.12,1.0233880104364246,1
2021-02-23 13:45:00-05:00,MachineLearningCrypto,SMART,BTC,buy,crypto,limit,canceled,,,1
2021-02-23 13:45:00-05:00,MachineLearningCrypto,SMART,BTC,buy,crypto,stop,fill,47660.03989999999,1.0233880104364246,1
2021-02-23 13:45:00-05:00,MachineLearningCrypto,SMART,BTC,sell,crypto,stop,canceled,,,1
2021-02-23 13:45:00-05:00,MachineLearningCrypto,SMART,BTC,sell,crypto,limit,fill,47597.97870000001,1.029335240364826,1
2021-02-23 14:15:00-05:00,MachineLearningCrypto,SMART,BTC,buy,crypto,market,fill,47058.36,1.0307977204031715,1
2021-02-23 14:45:00-05:00,MachineLearningCrypto,SMART,BTC,sell,crypto,limit,canceled,,,1
2021-02-23 14:45:00-05:00,MachineLearningCrypto,SMART,BTC,sell,crypto,stop,fill,45657.03,1.0307977204031715,1
2021-02-23 15:15:00-05:00,MachineLearningCrypto,SMART,BTC,sell,crypto,stop,canceled,,,1
2021-02-23 15:15:00-05:00,MachineLearningCrypto,SMART,BTC,sell,crypto,limit,fill,45910.510900000016,1.0327041993886106,1
2021-02-23 15:15:00-05:00,MachineLearningCrypto,SMART,BTC,buy,crypto,market,fill,45883.49,1.0327041993886106,1
2021-02-23 15:30:00-05:00,MachineLearningCrypto,SMART,BTC,buy,crypto,market,fill,46871.85,1.0272219771951454,1
2021-02-23 15:30:00-05:00,MachineLearningCrypto,SMART,BTC,sell,crypto,stop,canceled,,,1
2021-02-23 15:30:00-05:00,MachineLearningCrypto,SMART,BTC,sell,crypto,limit,fill,46871.85,1.0272219771951454,1
2021-02-23 15:45:00-05:00,MachineLearningCrypto,SMART,BTC,buy,crypto,limit,canceled,,,1
2021-02-23 15:45:00-05:00,MachineLearningCrypto,SMART,BTC,buy,crypto,stop,fill,47264.16,1.0152198016446456,1
2021-02-23 15:45:00-05:00,MachineLearningCrypto,SMART,BTC,sell,crypto,market,fill,47264.16,1.0152198016446456,1
2021-02-23 16:30:00-05:00,MachineLearningCrypto,SMART,BTC,sell,crypto,market,fill,48054.59,1.0012499635093808,1
2021-02-23 18:00:00-05:00,MachineLearningCrypto,SMART,BTC,buy,crypto,limit,canceled,,,1
2021-02-23 18:00:00-05:00,MachineLearningCrypto,SMART,BTC,buy,crypto,stop,fill,48597.19,1.0012499635093808,1
2021-02-23 18:15:00-05:00,MachineLearningCrypto,SMART,BTC,sell,crypto,market,fill,48749.99,0.9890571413574877,1
2021-02-23 19:15:00-05:00,MachineLearningCrypto,SMART,BTC,buy,crypto,stop,canceled,,,1
2021-02-23 19:15:00-05:00,MachineLearningCrypto,SMART,BTC,buy,crypto,limit,fill,48009.509299999976,0.9890571413574877,1
2021-02-23 20:15:00-05:00,MachineLearningCrypto,SMART,BTC,sell,crypto,market,fill,48723.21,0.9979134711458472,1
2021-02-23 20:15:00-05:00,MachineLearningCrypto,SMART,BTC,buy,crypto,limit,canceled,,,1
2021-02-23 20:15:00-05:00,MachineLearningCrypto,SMART,BTC,buy,crypto,stop,fill,48891.9229,0.9979134711458472,1
2021-02-23 20:30:00-05:00,MachineLearningCrypto,SMART,BTC,buy,crypto,limit,canceled,,,1
2021-02-23 20:30:00-05:00,MachineLearningCrypto,SMART,BTC,buy,crypto,stop,fill,49171.09,0.9930799886498738,1
2021-02-23 20:30:00-05:00,MachineLearningCrypto,SMART,BTC,sell,crypto,market,fill,49171.09,0.9930799886498738,1
2021-02-23 20:45:00-05:00,MachineLearningCrypto,SMART,BTC,buy,crypto,limit,canceled,,,1
2021-02-23 20:45:00-05:00,MachineLearningCrypto,SMART,BTC,buy,crypto,stop,fill,49722.31,0.9911006435847123,1
2021-02-23 20:45:00-05:00,MachineLearningCrypto,SMART,BTC,sell,crypto,market,fill,49722.31,0.9911006435847123,1
2021-02-23 21:45:00-05:00,MachineLearningCrypto,SMART,BTC,sell,crypto,market,fill,50049.67,0.9805479389750605,1
2021-02-23 22:15:00-05:00,MachineLearningCrypto,SMART,BTC,buy,crypto,limit,canceled,,,1
2021-02-23 22:15:00-05:00,MachineLearningCrypto,SMART,BTC,buy,crypto,stop,fill,50375.229750000006,0.9805479389750605,1
2021-02-24 00:15:00-05:00,MachineLearningCrypto,SMART,BTC,sell,crypto,market,fill,50620.0,0.9706574633991031,1
2021-02-24 00:30:00-05:00,MachineLearningCrypto,SMART,BTC,buy,crypto,stop,canceled,,,1
2021-02-24 00:30:00-05:00,MachineLearningCrypto,SMART,BTC,buy,crypto,limit,fill,50229.1482,0.9706574633991031,1
2021-02-24 00:45:00-05:00,MachineLearningCrypto,SMART,BTC,sell,crypto,market,fill,50406.5,0.9798864358736028,1
2021-02-24 00:45:00-05:00,MachineLearningCrypto,SMART,BTC,buy,crypto,limit,canceled,,,1
2021-02-24 00:45:00-05:00,MachineLearningCrypto,SMART,BTC,buy,crypto,stop,fill,50449.784499999994,0.9798864358736028,1
2021-02-24 03:00:00-05:00,MachineLearningCrypto,SMART,BTC,sell,crypto,market,fill,50090.61,0.9798957602392313,1
2021-02-24 03:15:00-05:00,MachineLearningCrypto,SMART,BTC,buy,crypto,limit,canceled,,,1
2021-02-24 03:15:00-05:00,MachineLearningCrypto,SMART,BTC,buy,crypto,stop,fill,50491.92,0.9798957602392313,1
2021-02-24 03:30:00-05:00,MachineLearningCrypto,SMART,BTC,sell,crypto,market,fill,50627.45,0.9716571208443385,1
2021-02-24 04:45:00-05:00,MachineLearningCrypto,SMART,BTC,buy,crypto,limit,canceled,,,1
2021-02-24 04:45:00-05:00,MachineLearningCrypto,SMART,BTC,buy,crypto,stop,fill,51230.54,0.9716571208443385,1
2021-02-24 05:00:00-05:00,MachineLearningCrypto,SMART,BTC,sell,crypto,market,fill,50847.5,0.9606828412569565,1
2021-02-24 05:15:00-05:00,MachineLearningCrypto,SMART,BTC,buy,crypto,stop,canceled,,,1
2021-02-24 05:15:00-05:00,MachineLearningCrypto,SMART,BTC,buy,crypto,limit,fill,50605.62,0.9606828412569565,1
2021-02-24 08:30:00-05:00,MachineLearningCrypto,SMART,BTC,buy,crypto,market,fill,49599.98,0.9775235135954492,1
2021-02-24 08:45:00-05:00,MachineLearningCrypto,SMART,BTC,sell,crypto,limit,canceled,,,1
2021-02-24 08:45:00-05:00,MachineLearningCrypto,SMART,BTC,sell,crypto,stop,fill,49453.55,0.9775235135954492,1
2021-02-24 09:00:00-05:00,MachineLearningCrypto,SMART,BTC,sell,crypto,stop,canceled,,,1
2021-02-24 09:00:00-05:00,MachineLearningCrypto,SMART,BTC,sell,crypto,limit,fill,49567.94509999997,0.9798205357695918,1
2021-02-24 09:00:00-05:00,MachineLearningCrypto,SMART,BTC,buy,crypto,market,fill,49469.19,0.9798205357695918,1
2021-02-24 09:15:00-05:00,MachineLearningCrypto,SMART,BTC,buy,crypto,market,fill,49428.21,0.9774455270446843,1
2021-02-24 09:15:00-05:00,MachineLearningCrypto,SMART,BTC,sell,crypto,limit,canceled,,,1
2021-02-24 09:15:00-05:00,MachineLearningCrypto,SMART,BTC,sell,crypto,stop,fill,49370.99249999999,0.9774455270446843,1
2021-02-24 10:00:00-05:00,MachineLearningCrypto,SMART,BTC,sell,crypto,stop,canceled,,,1
2021-02-24 10:00:00-05:00,MachineLearningCrypto,SMART,BTC,sell,crypto,limit,fill,49404.62,0.9837244792315301,1
2021-02-24 10:00:00-05:00,MachineLearningCrypto,SMART,BTC,buy,crypto,market,fill,49404.62,0.9837244792315301,1
2021-02-24 10:45:00-05:00,MachineLearningCrypto,SMART,BTC,sell,crypto,market,fill,49222.06,0.9823381063833395,1
2021-02-24 11:00:00-05:00,MachineLearningCrypto,SMART,BTC,buy,crypto,limit,canceled,,,1
2021-02-24 11:00:00-05:00,MachineLearningCrypto,SMART,BTC,buy,crypto,stop,fill,49819.49,0.9823381063833395,1
2021-02-24 15:45:00-05:00,MachineLearningCrypto,SMART,BTC,buy,crypto,market,fill,48633.15,0.9798475387205152,1
2021-02-24 16:15:00-05:00,MachineLearningCrypto,SMART,BTC,sell,crypto,limit,canceled,,,1
2021-02-24 16:15:00-05:00,MachineLearningCrypto,SMART,BTC,sell,crypto,stop,fill,48500.52,0.9798475387205152,1
2021-02-24 17:45:00-05:00,MachineLearningCrypto,SMART,BTC,sell,crypto,market,fill,48550.0,0.9785063884489977,1
2021-02-24 18:15:00-05:00,MachineLearningCrypto,SMART,BTC,buy,crypto,limit,canceled,,,1
2021-02-24 18:15:00-05:00,MachineLearningCrypto,SMART,BTC,buy,crypto,stop,fill,49356.29,0.9785063884489977,1
2021-02-24 19:45:00-05:00,MachineLearningCrypto,SMART,BTC,sell,crypto,market,fill,50753.74,0.9541074673260362,1
2021-02-24 19:45:00-05:00,MachineLearningCrypto,SMART,BTC,buy,crypto,limit,canceled,,,1
2021-02-24 19:45:00-05:00,MachineLearningCrypto,SMART,BTC,buy,crypto,stop,fill,50753.74,0.9541074673260362,1
2021-02-24 20:00:00-05:00,MachineLearningCrypto,SMART,BTC,sell,crypto,market,fill,50507.24,0.9515211717802895,1
2021-02-24 20:15:00-05:00,MachineLearningCrypto,SMART,BTC,buy,crypto,limit,canceled,,,1
2021-02-24 20:15:00-05:00,MachineLearningCrypto,SMART,BTC,buy,crypto,stop,fill,50851.26,0.9515211717802895,1
2021-02-24 21:15:00-05:00,MachineLearningCrypto,SMART,BTC,sell,crypto,market,fill,50736.61,0.9491219464085684,1
2021-02-24 21:15:00-05:00,MachineLearningCrypto,SMART,BTC,buy,crypto,limit,canceled,,,1
2021-02-24 21:15:00-05:00,MachineLearningCrypto,SMART,BTC,buy,crypto,stop,fill,50756.84640000001,0.9491219464085684,1
2021-02-25 01:15:00-05:00,MachineLearningCrypto,SMART,BTC,sell,crypto,market,fill,50422.2,0.950359783228761,1
2021-02-25 03:30:00-05:00,MachineLearningCrypto,SMART,BTC,buy,crypto,stop,canceled,,,1
2021-02-25 03:30:00-05:00,MachineLearningCrypto,SMART,BTC,buy,crypto,limit,fill,50047.2156,0.950359783228761,1
2021-02-25 06:15:00-05:00,MachineLearningCrypto,SMART,BTC,sell,crypto,market,fill,49773.8,0.9602415960319713,1
2021-02-25 07:00:00-05:00,MachineLearningCrypto,SMART,BTC,buy,crypto,limit,canceled,,,1
2021-02-25 07:00:00-05:00,MachineLearningCrypto,SMART,BTC,buy,crypto,stop,fill,50299.0,0.9602415960319713,1
2021-02-25 08:00:00-05:00,MachineLearningCrypto,SMART,BTC,sell,crypto,market,fill,51497.98,0.9478597058075322,1
2021-02-25 08:00:00-05:00,MachineLearningCrypto,SMART,BTC,buy,crypto,limit,canceled,,,1
2021-02-25 08:00:00-05:00,MachineLearningCrypto,SMART,BTC,buy,crypto,stop,fill,51497.98,0.9478597058075322,1
2021-02-25 08:15:00-05:00,MachineLearningCrypto,SMART,BTC,sell,crypto,market,fill,51745.01,0.9380549378891704,1
2021-02-25 09:45:00-05:00,MachineLearningCrypto,SMART,BTC,buy,crypto,stop,canceled,,,1
2021-02-25 09:45:00-05:00,MachineLearningCrypto,SMART,BTC,buy,crypto,limit,fill,50712.08,0.9380549378891704,1
2021-02-25 11:45:00-05:00,MachineLearningCrypto,SMART,BTC,sell,crypto,market,fill,50983.36,0.9513980973592044,1
2021-02-25 12:00:00-05:00,MachineLearningCrypto,SMART,BTC,buy,crypto,stop,canceled,,,1
2021-02-25 12:00:00-05:00,MachineLearningCrypto,SMART,BTC,buy,crypto,limit,fill,50632.85,0.9513980973592044,1
2021-02-25 13:30:00-05:00,MachineLearningCrypto,SMART,BTC,buy,crypto,market,fill,49740.86,0.9684298275998371,1
2021-02-25 13:30:00-05:00,MachineLearningCrypto,SMART,BTC,sell,crypto,limit,canceled,,,1
2021-02-25 13:30:00-05:00,MachineLearningCrypto,SMART,BTC,sell,crypto,stop,fill,49642.40615000001,0.9684298275998371,1
2021-02-25 15:15:00-05:00,MachineLearningCrypto,SMART,BTC,buy,crypto,market,fill,48870.46,0.9719367900160198,1
2021-02-25 15:15:00-05:00,MachineLearningCrypto,SMART,BTC,sell,crypto,limit,canceled,,,1
2021-02-25 15:15:00-05:00,MachineLearningCrypto,SMART,BTC,sell,crypto,stop,fill,48870.46,0.9719367900160198,1
2021-02-25 17:30:00-05:00,MachineLearningCrypto,SMART,BTC,sell,crypto,stop,canceled,,,1
2021-02-25 17:30:00-05:00,MachineLearningCrypto,SMART,BTC,sell,crypto,limit,fill,48695.5,0.9885670454135473,1
2021-02-25 17:30:00-05:00,MachineLearningCrypto,SMART,BTC,buy,crypto,market,fill,48695.5,0.9885670454135473,1
2021-02-25 18:00:00-05:00,MachineLearningCrypto,SMART,BTC,buy,crypto,market,fill,48229.63,0.9839623065160021,1
2021-02-25 18:00:00-05:00,MachineLearningCrypto,SMART,BTC,sell,crypto,limit,canceled,,,1
2021-02-25 18:00:00-05:00,MachineLearningCrypto,SMART,BTC,sell,crypto,stop,fill,48013.488350000014,0.9839623065160021,1
2021-02-25 18:15:00-05:00,MachineLearningCrypto,SMART,BTC,buy,crypto,market,fill,47950.3,0.9843917723846841,1
2021-02-25 18:30:00-05:00,MachineLearningCrypto,SMART,BTC,sell,crypto,stop,canceled,,,1
2021-02-25 18:30:00-05:00,MachineLearningCrypto,SMART,BTC,sell,crypto,limit,fill,48266.26,0.9843917723846841,1
2021-02-25 18:45:00-05:00,MachineLearningCrypto,SMART,BTC,sell,crypto,market,fill,47347.45,0.9833071340557875,1
2021-02-25 18:45:00-05:00,MachineLearningCrypto,SMART,BTC,buy,crypto,stop,canceled,,,1
2021-02-25 18:45:00-05:00,MachineLearningCrypto,SMART,BTC,buy,crypto,limit,fill,47347.45,0.9833071340557875,1
2021-02-25 19:00:00-05:00,MachineLearningCrypto,SMART,BTC,sell,crypto,limit,canceled,,,1
2021-02-25 19:00:00-05:00,MachineLearningCrypto,SMART,BTC,sell,crypto,stop,fill,47073.73,0.9913165221792202,1
2021-02-25 19:00:00-05:00,MachineLearningCrypto,SMART,BTC,buy,crypto,market,fill,47073.73,0.9913165221792202,1
2021-02-25 19:45:00-05:00,MachineLearningCrypto,SMART,BTC,sell,crypto,limit,canceled,,,1
2021-02-25 19:45:00-05:00,MachineLearningCrypto,SMART,BTC,sell,crypto,stop,fill,46170.09,1.0022526937673193,1
2021-02-25 19:45:00-05:00,MachineLearningCrypto,SMART,BTC,buy,crypto,market,fill,46170.09,1.0022526937673193,1
2021-02-25 22:00:00-05:00,MachineLearningCrypto,SMART,BTC,sell,crypto,market,fill,47343.5,0.9904422061426891,1
2021-02-25 22:15:00-05:00,MachineLearningCrypto,SMART,BTC,buy,crypto,stop,canceled,,,1
2021-02-25 22:15:00-05:00,MachineLearningCrypto,SMART,BTC,buy,crypto,limit,fill,46728.53,0.9904422061426891,1
2021-02-25 22:30:00-05:00,MachineLearningCrypto,SMART,BTC,sell,crypto,market,fill,47377.63,1.0042248509356104,1
2021-02-25 22:30:00-05:00,MachineLearningCrypto,SMART,BTC,buy,crypto,limit,canceled,,,1
2021-02-25 22:30:00-05:00,MachineLearningCrypto,SMART,BTC,buy,crypto,stop,fill,47377.63,1.0042248509356104,1
2021-02-25 22:45:00-05:00,MachineLearningCrypto,SMART,BTC,sell,crypto,market,fill,47239.73,0.9990211940613531,1
2021-02-25 23:45:00-05:00,MachineLearningCrypto,SMART,BTC,buy,crypto,stop,canceled,,,1
2021-02-25 23:45:00-05:00,MachineLearningCrypto,SMART,BTC,buy,crypto,limit,fill,47087.03339999999,0.9990211940613531,1
2021-02-26 00:15:00-05:00,MachineLearningCrypto,SMART,BTC,buy,crypto,market,fill,46700.0,1.0033011386137038,1
2021-02-26 00:15:00-05:00,MachineLearningCrypto,SMART,BTC,sell,crypto,limit,canceled,,,1
2021-02-26 00:15:00-05:00,MachineLearningCrypto,SMART,BTC,sell,crypto,stop,fill,46700.0,1.0033011386137038,1
2021-02-26 00:30:00-05:00,MachineLearningCrypto,SMART,BTC,buy,crypto,market,fill,46650.9,1.0093854228428931,1
2021-02-26 00:45:00-05:00,MachineLearningCrypto,SMART,BTC,sell,crypto,limit,canceled,,,1
2021-02-26 00:45:00-05:00,MachineLearningCrypto,SMART,BTC,sell,crypto,stop,fill,46223.69,1.0093854228428931,1
2021-02-26 01:00:00-05:00,MachineLearningCrypto,SMART,BTC,sell,crypto,limit,canceled,,,1
2021-02-26 01:00:00-05:00,MachineLearningCrypto,SMART,BTC,sell,crypto,stop,fill,45524.35,1.011944959158837,1
2021-02-26 01:00:00-05:00,MachineLearningCrypto,SMART,BTC,buy,crypto,market,fill,45524.35,1.011944959158837,1
2021-02-26 03:00:00-05:00,MachineLearningCrypto,SMART,BTC,sell,crypto,stop,canceled,,,1
2021-02-26 03:00:00-05:00,MachineLearningCrypto,SMART,BTC,sell,crypto,limit,fill,44986.99,1.0352568392497052,1
2021-02-26 03:00:00-05:00,MachineLearningCrypto,SMART,BTC,buy,crypto,market,fill,44986.99,1.0352568392497052,1
2021-02-26 03:15:00-05:00,MachineLearningCrypto,SMART,BTC,sell,crypto,market,fill,45434.57,1.023083150144521,1
2021-02-26 03:15:00-05:00,MachineLearningCrypto,SMART,BTC,buy,crypto,limit,canceled,,,1
2021-02-26 03:15:00-05:00,MachineLearningCrypto,SMART,BTC,buy,crypto,stop,fill,45434.57,1.023083150144521,1
2021-02-26 03:30:00-05:00,MachineLearningCrypto,SMART,BTC,sell,crypto,market,fill,45658.21,1.017761469809841,1
2021-02-26 03:30:00-05:00,MachineLearningCrypto,SMART,BTC,buy,crypto,limit,canceled,,,1
2021-02-26 03:30:00-05:00,MachineLearningCrypto,SMART,BTC,buy,crypto,stop,fill,45679.51565,1.017761469809841,1
2021-02-26 05:15:00-05:00,MachineLearningCrypto,SMART,BTC,sell,crypto,market,fill,46406.74,1.006739976501671,1
2021-02-26 06:30:00-05:00,MachineLearningCrypto,SMART,BTC,sell,crypto,limit,canceled,,,1
2021-02-26 06:30:00-05:00,MachineLearningCrypto,SMART,BTC,sell,crypto,stop,fill,46204.70870000002,1.00829510894844,1
2021-02-26 06:30:00-05:00,MachineLearningCrypto,SMART,BTC,buy,crypto,market,fill,46206.94,1.00829510894844,1
2021-02-26 08:45:00-05:00,MachineLearningCrypto,SMART,BTC,buy,crypto,market,fill,46182.55,1.0113950954200226,1
2021-02-26 09:00:00-05:00,MachineLearningCrypto,SMART,BTC,sell,crypto,limit,canceled,,,1
2021-02-26 09:00:00-05:00,MachineLearningCrypto,SMART,BTC,sell,crypto,stop,fill,45958.41,1.0113950954200226,1
2021-02-26 09:15:00-05:00,MachineLearningCrypto,SMART,BTC,buy,crypto,market,fill,46074.61,1.0137928291913072,1
2021-02-26 09:30:00-05:00,MachineLearningCrypto,SMART,BTC,sell,crypto,stop,canceled,,,1
2021-02-26 09:30:00-05:00,MachineLearningCrypto,SMART,BTC,sell,crypto,limit,fill,46799.96,1.0122254979943364,1
2021-02-26 09:30:00-05:00,MachineLearningCrypto,SMART,BTC,sell,crypto,stop,canceled,,,1
2021-02-26 09:30:00-05:00,MachineLearningCrypto,SMART,BTC,sell,crypto,limit,fill,46799.96,1.0137928291913072,1
2021-02-26 09:30:00-05:00,MachineLearningCrypto,SMART,BTC,buy,crypto,market,fill,46799.96,1.0122254979943364,1
2021-02-26 10:45:00-05:00,MachineLearningCrypto,SMART,BTC,buy,crypto,market,fill,47486.28,1.0137996112263834,1
2021-02-26 10:45:00-05:00,MachineLearningCrypto,SMART,BTC,sell,crypto,stop,canceled,,,1
2021-02-26 10:45:00-05:00,MachineLearningCrypto,SMART,BTC,sell,crypto,limit,fill,47486.28,1.0137996112263834,1
2021-02-26 12:00:00-05:00,MachineLearningCrypto,SMART,BTC,sell,crypto,stop,canceled,,,1
2021-02-26 12:00:00-05:00,MachineLearningCrypto,SMART,BTC,sell,crypto,limit,fill,48127.26,0.987530861912493,1
2021-02-26 12:00:00-05:00,MachineLearningCrypto,SMART,BTC,buy,crypto,market,fill,48127.26,0.987530861912493,1
2021-02-26 12:45:00-05:00,MachineLearningCrypto,SMART,BTC,sell,crypto,limit,canceled,,,1
2021-02-26 12:45:00-05:00,MachineLearningCrypto,SMART,BTC,sell,crypto,stop,fill,47732.59335000001,0.9805622109142319,1
2021-02-26 12:45:00-05:00,MachineLearningCrypto,SMART,BTC,buy,crypto,market,fill,47749.41,0.9805622109142319,1
2021-02-26 13:00:00-05:00,MachineLearningCrypto,SMART,BTC,buy,crypto,market,fill,47659.96,0.9856455978338139,1
2021-02-26 13:30:00-05:00,MachineLearningCrypto,SMART,BTC,sell,crypto,limit,canceled,,,1
2021-02-26 13:30:00-05:00,MachineLearningCrypto,SMART,BTC,sell,crypto,stop,fill,47381.21,0.9856455978338139,1
2021-02-26 15:00:00-05:00,MachineLearningCrypto,SMART,BTC,buy,crypto,market,fill,46959.18,1.0033190785977493,1
2021-02-26 15:00:00-05:00,MachineLearningCrypto,SMART,BTC,sell,crypto,stop,canceled,,,1
2021-02-26 15:00:00-05:00,MachineLearningCrypto,SMART,BTC,sell,crypto,limit,fill,46961.11720000001,1.0033190785977493,1
2021-02-26 15:45:00-05:00,MachineLearningCrypto,SMART,BTC,buy,crypto,market,fill,46588.03,1.0109645988056792,1
2021-02-26 16:00:00-05:00,MachineLearningCrypto,SMART,BTC,buy,crypto,market,fill,46270.0,1.0038418822064807,1
2021-02-26 16:00:00-05:00,MachineLearningCrypto,SMART,BTC,sell,crypto,limit,canceled,,,1
2021-02-26 16:00:00-05:00,MachineLearningCrypto,SMART,BTC,sell,crypto,stop,fill,46270.0,1.0038418822064807,1
2021-02-26 16:15:00-05:00,MachineLearningCrypto,SMART,BTC,buy,crypto,market,fill,46384.69,1.0082529101057924,1
2021-02-26 17:00:00-05:00,MachineLearningCrypto,SMART,BTC,sell,crypto,limit,canceled,,,1
2021-02-26 17:00:00-05:00,MachineLearningCrypto,SMART,BTC,sell,crypto,stop,fill,45680.0,1.0082529101057924,1
2021-02-26 18:15:00-05:00,MachineLearningCrypto,SMART,BTC,buy,crypto,market,fill,45992.41,1.0112038256584621,1
2021-02-26 18:15:00-05:00,MachineLearningCrypto,SMART,BTC,sell,crypto,stop,canceled,,,1
2021-02-26 18:15:00-05:00,MachineLearningCrypto,SMART,BTC,sell,crypto,limit,fill,45992.41,1.0112038256584621,1
2021-02-26 18:30:00-05:00,MachineLearningCrypto,SMART,BTC,sell,crypto,market,fill,46235.1,1.0036696570222732,1
2021-02-26 18:45:00-05:00,MachineLearningCrypto,SMART,BTC,buy,crypto,limit,canceled,,,1
2021-02-26 18:45:00-05:00,MachineLearningCrypto,SMART,BTC,buy,crypto,stop,fill,46277.5,1.0036696570222732,1
2021-02-26 19:15:00-05:00,MachineLearningCrypto,SMART,BTC,buy,crypto,limit,canceled,,,1
2021-02-26 19:15:00-05:00,MachineLearningCrypto,SMART,BTC,buy,crypto,stop,fill,46685.55,1.0006261686089024,1
2021-02-26 19:15:00-05:00,MachineLearningCrypto,SMART,BTC,sell,crypto,market,fill,46685.55,1.0006261686089024,1
2021-02-26 19:45:00-05:00,MachineLearningCrypto,SMART,BTC,buy,crypto,limit,canceled,,,1
2021-02-26 19:45:00-05:00,MachineLearningCrypto,SMART,BTC,buy,crypto,stop,fill,47151.24,0.9955833989588567,1
2021-02-26 19:45:00-05:00,MachineLearningCrypto,SMART,BTC,sell,crypto,market,fill,47151.24,0.9955833989588567,1
2021-02-26 20:00:00-05:00,MachineLearningCrypto,SMART,BTC,buy,crypto,limit,canceled,,,1
2021-02-26 20:00:00-05:00,MachineLearningCrypto,SMART,BTC,buy,crypto,stop,fill,47523.34,0.9916901101850047,1
2021-02-26 20:00:00-05:00,MachineLearningCrypto,SMART,BTC,sell,crypto,market,fill,47523.34,0.9916901101850047,1
2021-02-26 23:30:00-05:00,MachineLearningCrypto,SMART,BTC,buy,crypto,market,fill,47746.29,0.9897777751710464,1
2021-02-26 23:30:00-05:00,MachineLearningCrypto,SMART,BTC,sell,crypto,stop,canceled,,,1
2021-02-26 23:30:00-05:00,MachineLearningCrypto,SMART,BTC,sell,crypto,limit,fill,47746.29,0.9897777751710464,1
2021-02-27 00:15:00-05:00,MachineLearningCrypto,SMART,BTC,buy,crypto,market,fill,47700.94,0.9866863998615323,1
2021-02-27 01:45:00-05:00,MachineLearningCrypto,SMART,BTC,sell,crypto,stop,canceled,,,1
2021-02-27 01:45:00-05:00,MachineLearningCrypto,SMART,BTC,sell,crypto,limit,fill,48328.25,0.9866863998615323,1
2021-02-27 02:15:00-05:00,MachineLearningCrypto,SMART,BTC,buy,crypto,market,fill,47186.44,0.9956309626811145,1
2021-02-27 02:45:00-05:00,MachineLearningCrypto,SMART,BTC,sell,crypto,limit,canceled,,,1
2021-02-27 02:45:00-05:00,MachineLearningCrypto,SMART,BTC,sell,crypto,stop,fill,47069.62,0.9956309626811145,1
2021-02-27 03:45:00-05:00,MachineLearningCrypto,SMART,BTC,sell,crypto,market,fill,46732.27,1.0044350423262016,1
2021-02-27 03:45:00-05:00,MachineLearningCrypto,SMART,BTC,buy,crypto,limit,canceled,,,1
2021-02-27 03:45:00-05:00,MachineLearningCrypto,SMART,BTC,buy,crypto,stop,fill,46732.27,1.0044350423262016,1
2021-02-27 04:00:00-05:00,MachineLearningCrypto,SMART,BTC,sell,crypto,market,fill,46620.83,1.0012394289720745,1
2021-02-27 04:15:00-05:00,MachineLearningCrypto,SMART,BTC,buy,crypto,stop,canceled,,,1
2021-02-27 04:15:00-05:00,MachineLearningCrypto,SMART,BTC,buy,crypto,limit,fill,46460.1808,1.0012394289720745,1
2021-02-27 06:45:00-05:00,MachineLearningCrypto,SMART,BTC,sell,crypto,market,fill,47446.72,0.9972564935497046,1
2021-02-27 07:45:00-05:00,MachineLearningCrypto,SMART,BTC,buy,crypto,market,fill,47554.65,1.0065171412829061,1
2021-02-27 07:45:00-05:00,MachineLearningCrypto,SMART,BTC,buy,crypto,limit,canceled,,,1
2021-02-27 07:45:00-05:00,MachineLearningCrypto,SMART,BTC,buy,crypto,stop,fill,47554.65,0.9972564935497046,1
2021-02-27 07:45:00-05:00,MachineLearningCrypto,SMART,BTC,sell,crypto,stop,canceled,,,1
2021-02-27 07:45:00-05:00,MachineLearningCrypto,SMART,BTC,sell,crypto,limit,fill,47554.65,1.0065171412829061,1
2021-02-27 09:45:00-05:00,MachineLearningCrypto,SMART,BTC,sell,crypto,limit,canceled,,,1
2021-02-27 09:45:00-05:00,MachineLearningCrypto,SMART,BTC,sell,crypto,stop,fill,46883.9,0.9977724046207138,1
2021-02-27 09:45:00-05:00,MachineLearningCrypto,SMART,BTC,buy,crypto,market,fill,46883.9,0.9977724046207138,1
2021-02-27 10:00:00-05:00,MachineLearningCrypto,SMART,BTC,buy,crypto,market,fill,47078.23,0.9994109407929752,1
2021-02-27 10:30:00-05:00,MachineLearningCrypto,SMART,BTC,sell,crypto,limit,canceled,,,1
2021-02-27 10:30:00-05:00,MachineLearningCrypto,SMART,BTC,sell,crypto,stop,fill,46826.74120000002,0.9994109407929752,1
2021-02-27 10:45:00-05:00,MachineLearningCrypto,SMART,BTC,buy,crypto,market,fill,46556.66,0.9984331580277113,1
2021-02-27 10:45:00-05:00,MachineLearningCrypto,SMART,BTC,sell,crypto,limit,canceled,,,1
2021-02-27 10:45:00-05:00,MachineLearningCrypto,SMART,BTC,sell,crypto,stop,fill,46556.66,0.9984331580277113,1
2021-02-27 11:00:00-05:00,MachineLearningCrypto,SMART,BTC,buy,crypto,market,fill,46528.82,1.002380733826397,1
2021-02-27 13:00:00-05:00,MachineLearningCrypto,SMART,BTC,sell,crypto,stop,canceled,,,1
2021-02-27 13:00:00-05:00,MachineLearningCrypto,SMART,BTC,sell,crypto,limit,fill,47054.90930000001,1.002380733826397,1
2021-02-27 14:00:00-05:00,MachineLearningCrypto,SMART,BTC,sell,crypto,market,fill,47136.29,0.9989978833492091,1
2021-02-27 15:00:00-05:00,MachineLearningCrypto,SMART,BTC,buy,crypto,limit,canceled,,,1
2021-02-27 15:00:00-05:00,MachineLearningCrypto,SMART,BTC,buy,crypto,stop,fill,47468.702450000004,0.9989978833492091,1
2021-02-27 15:15:00-05:00,MachineLearningCrypto,SMART,BTC,sell,crypto,market,fill,47260.84,0.993140117848485,1
2021-02-27 15:45:00-05:00,MachineLearningCrypto,SMART,BTC,buy,crypto,stop,canceled,,,1
2021-02-27 15:45:00-05:00,MachineLearningCrypto,SMART,BTC,buy,crypto,limit,fill,46997.19,0.993140117848485,1
2021-02-27 16:00:00-05:00,MachineLearningCrypto,SMART,BTC,buy,crypto,market,fill,47083.43,1.0018010636982115,1
2021-02-27 16:45:00-05:00,MachineLearningCrypto,SMART,BTC,sell,crypto,limit,canceled,,,1
2021-02-27 16:45:00-05:00,MachineLearningCrypto,SMART,BTC,sell,crypto,stop,fill,46725.96,1.0018010636982115,1
2021-02-27 17:30:00-05:00,MachineLearningCrypto,SMART,BTC,buy,crypto,market,fill,46333.74,1.0037178756617342,1
2021-02-27 18:00:00-05:00,MachineLearningCrypto,SMART,BTC,sell,crypto,limit,canceled,,,1
2021-02-27 18:00:00-05:00,MachineLearningCrypto,SMART,BTC,sell,crypto,stop,fill,45828.44,1.0037178756617342,1
2021-02-27 18:45:00-05:00,MachineLearningCrypto,SMART,BTC,sell,crypto,stop,canceled,,,1
2021-02-27 18:45:00-05:00,MachineLearningCrypto,SMART,BTC,sell,crypto,limit,fill,45717.04,1.0109818707182459,1
2021-02-27 18:45:00-05:00,MachineLearningCrypto,SMART,BTC,buy,crypto,market,fill,45717.04,1.0109818707182459,1
2021-02-27 20:45:00-05:00,MachineLearningCrypto,SMART,BTC,sell,crypto,market,fill,46282.46,0.9981145860315511,1
2021-02-27 21:15:00-05:00,MachineLearningCrypto,SMART,BTC,buy,crypto,stop,canceled,,,1
2021-02-27 21:15:00-05:00,MachineLearningCrypto,SMART,BTC,buy,crypto,limit,fill,46143.70110000002,0.9981145860315511,1
2021-02-27 21:30:00-05:00,MachineLearningCrypto,SMART,BTC,buy,crypto,market,fill,45845.7,1.0031104634529768,1
2021-02-27 21:30:00-05:00,MachineLearningCrypto,SMART,BTC,sell,crypto,limit,canceled,,,1
2021-02-27 21:30:00-05:00,MachineLearningCrypto,SMART,BTC,sell,crypto,stop,fill,45845.7,1.0031104634529768,1
2021-02-27 22:00:00-05:00,MachineLearningCrypto,SMART,BTC,buy,crypto,market,fill,45397.97,1.0124110211158688,1
2021-02-27 22:45:00-05:00,MachineLearningCrypto,SMART,BTC,sell,crypto,limit,canceled,,,1
2021-02-27 22:45:00-05:00,MachineLearningCrypto,SMART,BTC,sell,crypto,stop,fill,44673.14,1.0124110211158688,1
2021-02-27 23:30:00-05:00,MachineLearningCrypto,SMART,BTC,buy,crypto,market,fill,44650.4,1.0125578653184726,1
2021-02-28 00:00:00-05:00,MachineLearningCrypto,SMART,BTC,sell,crypto,limit,canceled,,,1
2021-02-28 00:00:00-05:00,MachineLearningCrypto,SMART,BTC,sell,crypto,stop,fill,44384.38,1.0125578653184726,1
2021-02-28 00:15:00-05:00,MachineLearningCrypto,SMART,BTC,sell,crypto,stop,canceled,,,1
2021-02-28 00:15:00-05:00,MachineLearningCrypto,SMART,BTC,sell,crypto,limit,fill,44875.61,1.014261329620515,1
2021-02-28 00:15:00-05:00,MachineLearningCrypto,SMART,BTC,buy,crypto,market,fill,44875.61,1.014261329620515,1
2021-02-28 01:45:00-05:00,MachineLearningCrypto,SMART,BTC,sell,crypto,market,fill,44636.92,1.0070107357368459,1
2021-02-28 02:00:00-05:00,MachineLearningCrypto,SMART,BTC,buy,crypto,stop,canceled,,,1
2021-02-28 02:00:00-05:00,MachineLearningCrypto,SMART,BTC,buy,crypto,limit,fill,44379.68,1.0070107357368459,1
2021-02-28 03:30:00-05:00,MachineLearningCrypto,SMART,BTC,sell,crypto,market,fill,45079.87,1.01158459438494,1
2021-02-28 03:30:00-05:00,MachineLearningCrypto,SMART,BTC,buy,crypto,limit,canceled,,,1
2021-02-28 03:30:00-05:00,MachineLearningCrypto,SMART,BTC,buy,crypto,stop,fill,45079.87,1.01158459438494,1
2021-02-28 03:45:00-05:00,MachineLearningCrypto,SMART,BTC,sell,crypto,market,fill,44942.0,1.0055280469013503,1
2021-02-28 08:30:00-05:00,MachineLearningCrypto,SMART,BTC,buy,crypto,stop,canceled,,,1
2021-02-28 08:30:00-05:00,MachineLearningCrypto,SMART,BTC,buy,crypto,limit,fill,44455.99,1.0055280469013503,1
2021-02-28 11:00:00-05:00,MachineLearningCrypto,SMART,BTC,buy,crypto,market,fill,43391.14,1.034066981536644,1
2021-02-28 13:00:00-05:00,MachineLearningCrypto,SMART,BTC,sell,crypto,limit,canceled,,,1
2021-02-28 13:00:00-05:00,MachineLearningCrypto,SMART,BTC,sell,crypto,stop,fill,43123.42,1.034066981536644,1
2021-02-28 13:15:00-05:00,MachineLearningCrypto,SMART,BTC,buy,crypto,market,fill,43488.78,1.0334469746379074,1
2021-02-28 13:15:00-05:00,MachineLearningCrypto,SMART,BTC,sell,crypto,stop,canceled,,,1
2021-02-28 13:15:00-05:00,MachineLearningCrypto,SMART,BTC,sell,crypto,limit,fill,43488.78,1.0334469746379074,1
2021-02-28 14:15:00-05:00,MachineLearningCrypto,SMART,BTC,sell,crypto,market,fill,43690.71,1.0252683266618863,1
2021-02-28 15:00:00-05:00,MachineLearningCrypto,SMART,BTC,buy,crypto,limit,canceled,,,1
2021-02-28 15:00:00-05:00,MachineLearningCrypto,SMART,BTC,buy,crypto,stop,fill,44402.88,1.0252683266618863,1
2021-02-28 15:45:00-05:00,MachineLearningCrypto,SMART,BTC,sell,crypto,market,fill,44232.82,1.0112543140516195,1
2021-02-28 16:00:00-05:00,MachineLearningCrypto,SMART,BTC,buy,crypto,limit,canceled,,,1
2021-02-28 16:00:00-05:00,MachineLearningCrypto,SMART,BTC,buy,crypto,stop,fill,44866.37,1.0112543140516195,1
2021-02-28 16:15:00-05:00,MachineLearningCrypto,SMART,BTC,sell,crypto,market,fill,45174.84,0.9956442520876229,1
2021-02-28 16:45:00-05:00,MachineLearningCrypto,SMART,BTC,buy,crypto,limit,canceled,,,1
2021-02-28 16:45:00-05:00,MachineLearningCrypto,SMART,BTC,buy,crypto,stop,fill,45300.25055000001,0.9956442520876229,1
2021-02-28 19:45:00-05:00,MachineLearningCrypto,SMART,BTC,sell,crypto,market,fill,46238.87,0.9786069860912623,1
2021-02-28 21:30:00-05:00,MachineLearningCrypto,SMART,BTC,buy,crypto,limit,canceled,,,1
2021-02-28 21:30:00-05:00,MachineLearningCrypto,SMART,BTC,buy,crypto,stop,fill,46652.85,0.9786069860912623,1
2021-02-28 21:45:00-05:00,MachineLearningCrypto,SMART,BTC,sell,crypto,market,fill,46571.29,0.9702968480416918,1
2021-02-28 22:45:00-05:00,MachineLearningCrypto,SMART,BTC,buy,crypto,stop,canceled,,,1
2021-02-28 22:45:00-05:00,MachineLearningCrypto,SMART,BTC,buy,crypto,limit,fill,46254.72060000001,0.9702968480416918,1
2021-03-01 02:30:00-05:00,MachineLearningCrypto,SMART,BTC,sell,crypto,market,fill,46123.16,0.9795460164277512,1
2021-03-01 03:15:00-05:00,MachineLearningCrypto,SMART,BTC,buy,crypto,limit,canceled,,,1
2021-03-01 03:15:00-05:00,MachineLearningCrypto,SMART,BTC,buy,crypto,stop,fill,46536.67,0.9795460164277512,1
2021-03-01 10:15:00-05:00,MachineLearningCrypto,SMART,BTC,sell,crypto,market,fill,48436.32,0.9536965141753607,1
2021-03-01 10:15:00-05:00,MachineLearningCrypto,SMART,BTC,buy,crypto,limit,canceled,,,1
2021-03-01 10:15:00-05:00,MachineLearningCrypto,SMART,BTC,buy,crypto,stop,fill,48447.88594999998,0.9536965141753607,1
2021-03-01 10:30:00-05:00,MachineLearningCrypto,SMART,BTC,buy,crypto,limit,canceled,,,1
2021-03-01 10:30:00-05:00,MachineLearningCrypto,SMART,BTC,buy,crypto,stop,fill,48772.9,0.9513033279544888,1
2021-03-01 10:30:00-05:00,MachineLearningCrypto,SMART,BTC,sell,crypto,market,fill,48772.9,0.9513033279544888,1
2021-03-01 17:00:00-05:00,MachineLearningCrypto,SMART,BTC,sell,crypto,market,fill,48784.46,0.9488812404283739,1
2021-03-01 17:45:00-05:00,MachineLearningCrypto,SMART,BTC,buy,crypto,limit,canceled,,,1
2021-03-01 17:45:00-05:00,MachineLearningCrypto,SMART,BTC,buy,crypto,stop,fill,49108.96,0.9488812404283739,1
2021-03-02 00:15:00-05:00,MachineLearningCrypto,SMART,BTC,sell,crypto,market,fill,49311.28,0.9423942762296161,1
2021-03-02 00:15:00-05:00,MachineLearningCrypto,SMART,BTC,buy,crypto,limit,canceled,,,1
2021-03-02 00:15:00-05:00,MachineLearningCrypto,SMART,BTC,buy,crypto,stop,fill,49311.28,0.9423942762296161,1
2021-03-02 03:45:00-05:00,MachineLearningCrypto,SMART,BTC,sell,crypto,market,fill,48958.12,0.9426693559314593,1
2021-03-02 06:00:00-05:00,MachineLearningCrypto,SMART,BTC,buy,crypto,stop,canceled,,,1
2021-03-02 06:00:00-05:00,MachineLearningCrypto,SMART,BTC,buy,crypto,limit,fill,48619.39210000001,0.9426693559314593,1
2021-03-02 08:45:00-05:00,MachineLearningCrypto,SMART,BTC,sell,crypto,market,fill,48822.12,0.9466515767735497,1
2021-03-02 09:15:00-05:00,MachineLearningCrypto,SMART,BTC,buy,crypto,limit,canceled,,,1
2021-03-02 09:15:00-05:00,MachineLearningCrypto,SMART,BTC,buy,crypto,stop,fill,49292.49,0.9466515767735497,1
2021-03-02 15:30:00-05:00,MachineLearningCrypto,SMART,BTC,buy,crypto,market,fill,47515.8,0.9580939652829876,1
2021-03-02 16:15:00-05:00,MachineLearningCrypto,SMART,BTC,sell,crypto,stop,canceled,,,1
2021-03-02 16:15:00-05:00,MachineLearningCrypto,SMART,BTC,sell,crypto,limit,fill,47765.59,0.9580939652829876,1
2021-03-02 16:30:00-05:00,MachineLearningCrypto,SMART,BTC,sell,crypto,market,fill,47707.34,0.9556452493115836,1
2021-03-02 16:45:00-05:00,MachineLearningCrypto,SMART,BTC,buy,crypto,stop,canceled,,,1
2021-03-02 16:45:00-05:00,MachineLearningCrypto,SMART,BTC,buy,crypto,limit,fill,47383.79,0.9556452493115836,1
2021-03-02 17:00:00-05:00,MachineLearningCrypto,SMART,BTC,buy,crypto,market,fill,47407.25,0.9643572866141796,1
2021-03-02 17:15:00-05:00,MachineLearningCrypto,SMART,BTC,sell,crypto,stop,canceled,,,1
2021-03-02 17:15:00-05:00,MachineLearningCrypto,SMART,BTC,sell,crypto,limit,fill,47706.51,0.9643572866141796,1
2021-03-02 19:15:00-05:00,MachineLearningCrypto,SMART,BTC,sell,crypto,market,fill,48341.2,0.957478517223184,1
2021-03-02 19:30:00-05:00,MachineLearningCrypto,SMART,BTC,buy,crypto,limit,canceled,,,1
2021-03-02 19:30:00-05:00,MachineLearningCrypto,SMART,BTC,buy,crypto,stop,fill,48677.11,0.957478517223184,1
2021-03-02 19:45:00-05:00,MachineLearningCrypto,SMART,BTC,sell,crypto,market,fill,48550.65,0.9510315891822018,1
2021-03-02 20:15:00-05:00,MachineLearningCrypto,SMART,BTC,buy,crypto,market,fill,48738.51,0.9534439014389616,1
2021-03-02 20:15:00-05:00,MachineLearningCrypto,SMART,BTC,buy,crypto,limit,canceled,,,1
2021-03-02 20:15:00-05:00,MachineLearningCrypto,SMART,BTC,buy,crypto,stop,fill,48747.603449999995,0.9510315891822018,1
2021-03-02 20:15:00-05:00,MachineLearningCrypto,SMART,BTC,sell,crypto,stop,canceled,,,1
2021-03-02 20:15:00-05:00,MachineLearningCrypto,SMART,BTC,sell,crypto,limit,fill,48745.23649999999,0.9534439014389616,1
2021-03-02 23:30:00-05:00,MachineLearningCrypto,SMART,BTC,sell,crypto,market,fill,49138.3,0.9447808025337485,1
2021-03-03 00:30:00-05:00,MachineLearningCrypto,SMART,BTC,buy,crypto,limit,canceled,,,1
2021-03-03 00:30:00-05:00,MachineLearningCrypto,SMART,BTC,buy,crypto,stop,fill,49416.13,0.9447808025337485,1
2021-03-03 02:15:00-05:00,MachineLearningCrypto,SMART,BTC,sell,crypto,market,fill,49484.84,0.9370583978176121,1
2021-03-03 02:45:00-05:00,MachineLearningCrypto,SMART,BTC,buy,crypto,limit,canceled,,,1
2021-03-03 02:45:00-05:00,MachineLearningCrypto,SMART,BTC,buy,crypto,stop,fill,49836.47,0.9370583978176121,1
2021-03-03 11:15:00-05:00,MachineLearningCrypto,SMART,BTC,sell,crypto,market,fill,51138.98,0.9218631118191043,1
2021-03-03 11:15:00-05:00,MachineLearningCrypto,SMART,BTC,buy,crypto,limit,canceled,,,1
2021-03-03 11:15:00-05:00,MachineLearningCrypto,SMART,BTC,buy,crypto,stop,fill,51138.98,0.9218631118191043,1
2021-03-03 17:30:00-05:00,MachineLearningCrypto,SMART,BTC,sell,crypto,market,fill,51039.18,0.9196133132921844,1
2021-03-03 18:00:00-05:00,MachineLearningCrypto,SMART,BTC,buy,crypto,stop,canceled,,,1
2021-03-03 18:00:00-05:00,MachineLearningCrypto,SMART,BTC,buy,crypto,limit,fill,50577.33,0.9196133132921844,1
2021-03-03 22:30:00-05:00,MachineLearningCrypto,SMART,BTC,buy,crypto,stop,canceled,,,1
2021-03-03 22:30:00-05:00,MachineLearningCrypto,SMART,BTC,buy,crypto,limit,fill,50310.32,0.9256707618109848,1
2021-03-03 22:30:00-05:00,MachineLearningCrypto,SMART,BTC,sell,crypto,market,fill,50310.32,0.9256707618109848,1
2021-03-04 09:00:00-05:00,MachineLearningCrypto,SMART,BTC,sell,crypto,market,fill,49633.44,0.9379414903433783,1
2021-03-04 09:45:00-05:00,MachineLearningCrypto,SMART,BTC,buy,crypto,limit,canceled,,,1
2021-03-04 09:45:00-05:00,MachineLearningCrypto,SMART,BTC,buy,crypto,stop,fill,49863.04,0.9379414903433783,1
2021-03-04 10:00:00-05:00,MachineLearningCrypto,SMART,BTC,sell,crypto,market,fill,49422.53,0.932411227536867,1
2021-03-04 10:00:00-05:00,MachineLearningCrypto,SMART,BTC,buy,crypto,stop,canceled,,,1
2021-03-04 10:00:00-05:00,MachineLearningCrypto,SMART,BTC,buy,crypto,limit,fill,49335.06390000001,0.932411227536867,1
2021-03-04 11:45:00-05:00,MachineLearningCrypto,SMART,BTC,sell,crypto,market,fill,49737.67,0.9331348042716169,1
2021-03-04 12:15:00-05:00,MachineLearningCrypto,SMART,BTC,buy,crypto,stop,canceled,,,1
2021-03-04 12:15:00-05:00,MachineLearningCrypto,SMART,BTC,buy,crypto,limit,fill,49305.33,0.9331348042716169,1
2021-03-04 15:15:00-05:00,MachineLearningCrypto,SMART,BTC,buy,crypto,market,fill,47787.4,0.9585656026177102,1
2021-03-04 15:45:00-05:00,MachineLearningCrypto,SMART,BTC,sell,crypto,stop,canceled,,,1
2021-03-04 15:45:00-05:00,MachineLearningCrypto,SMART,BTC,sell,crypto,limit,fill,48157.0146,0.9585656026177102,1
2021-03-04 16:45:00-05:00,MachineLearningCrypto,SMART,BTC,sell,crypto,market,fill,48111.91,0.9571196274642324,1
2021-03-04 18:30:00-05:00,MachineLearningCrypto,SMART,BTC,buy,crypto,limit,canceled,,,1
2021-03-04 18:30:00-05:00,MachineLearningCrypto,SMART,BTC,buy,crypto,stop,fill,48540.45235000001,0.9571196274642324,1
2021-03-04 19:30:00-05:00,MachineLearningCrypto,SMART,BTC,sell,crypto,limit,canceled,,,1
2021-03-04 19:30:00-05:00,MachineLearningCrypto,SMART,BTC,sell,crypto,stop,fill,46813.7383,0.9619324255104892,1
2021-03-04 19:30:00-05:00,MachineLearningCrypto,SMART,BTC,buy,crypto,market,fill,46912.4,0.9619324255104892,1
2021-03-04 19:45:00-05:00,MachineLearningCrypto,SMART,BTC,buy,crypto,market,fill,46883.14,0.9650412389085213,1
2021-03-04 20:15:00-05:00,MachineLearningCrypto,SMART,BTC,sell,crypto,limit,canceled,,,1
2021-03-04 20:15:00-05:00,MachineLearningCrypto,SMART,BTC,sell,crypto,stop,fill,46477.005450000004,0.9650412389085213,1
2021-03-05 00:15:00-05:00,MachineLearningCrypto,SMART,BTC,buy,crypto,market,fill,46995.92,0.9629702154216836,1
2021-03-05 01:45:00-05:00,MachineLearningCrypto,SMART,BTC,sell,crypto,stop,canceled,,,1
2021-03-05 01:45:00-05:00,MachineLearningCrypto,SMART,BTC,sell,crypto,limit,fill,47300.0,0.9629702154216836,1
2021-03-05 03:30:00-05:00,MachineLearningCrypto,SMART,BTC,sell,crypto,limit,canceled,,,1
2021-03-05 03:30:00-05:00,MachineLearningCrypto,SMART,BTC,sell,crypto,stop,fill,46716.4,0.964947048136484,1
2021-03-05 03:30:00-05:00,MachineLearningCrypto,SMART,BTC,buy,crypto,market,fill,46716.4,0.964947048136484,1
2021-03-05 06:30:00-05:00,MachineLearningCrypto,SMART,BTC,sell,crypto,market,fill,47363.29,0.9611825821350806,1
2021-03-05 06:30:00-05:00,MachineLearningCrypto,SMART,BTC,buy,crypto,limit,canceled,,,1
2021-03-05 06:30:00-05:00,MachineLearningCrypto,SMART,BTC,buy,crypto,stop,fill,47384.948000000004,0.9611825821350806,1
2021-03-05 08:00:00-05:00,MachineLearningCrypto,SMART,BTC,sell,crypto,market,fill,47650.0,0.9566581679198224,1
2021-03-05 08:15:00-05:00,MachineLearningCrypto,SMART,BTC,buy,crypto,limit,canceled,,,1
2021-03-05 08:15:00-05:00,MachineLearningCrypto,SMART,BTC,buy,crypto,stop,fill,47913.09890000001,0.9566581679198224,1
2021-03-05 09:00:00-05:00,MachineLearningCrypto,SMART,BTC,sell,crypto,market,fill,48061.21,0.9503746013180306,1
2021-03-05 09:15:00-05:00,MachineLearningCrypto,SMART,BTC,buy,crypto,limit,canceled,,,1
2021-03-05 09:15:00-05:00,MachineLearningCrypto,SMART,BTC,buy,crypto,stop,fill,48210.96,0.9503746013180306,1
2021-03-05 11:45:00-05:00,MachineLearningCrypto,SMART,BTC,sell,crypto,stop,canceled,,,1
2021-03-05 11:45:00-05:00,MachineLearningCrypto,SMART,BTC,sell,crypto,limit,fill,47669.46720000001,0.9581759024030752,1
2021-03-05 11:45:00-05:00,MachineLearningCrypto,SMART,BTC,buy,crypto,market,fill,47452.87,0.9581759024030752,1
2021-03-05 12:45:00-05:00,MachineLearningCrypto,SMART,BTC,sell,crypto,market,fill,48069.85,0.9519570845928241,1
2021-03-05 13:00:00-05:00,MachineLearningCrypto,SMART,BTC,buy,crypto,limit,canceled,,,1
2021-03-05 13:00:00-05:00,MachineLearningCrypto,SMART,BTC,buy,crypto,stop,fill,48120.0456,0.9519570845928241,1
2021-03-05 13:30:00-05:00,MachineLearningCrypto,SMART,BTC,sell,crypto,market,fill,48526.65,0.9472192387633834,1
2021-03-05 14:30:00-05:00,MachineLearningCrypto,SMART,BTC,buy,crypto,limit,canceled,,,1
2021-03-05 14:30:00-05:00,MachineLearningCrypto,SMART,BTC,buy,crypto,stop,fill,48986.72,0.9472192387633834,1
2021-03-06 11:30:00-05:00,MachineLearningCrypto,SMART,BTC,sell,crypto,market,fill,47744.77,0.9475953791893478,1
2021-03-06 12:30:00-05:00,MachineLearningCrypto,SMART,BTC,buy,crypto,limit,canceled,,,1
2021-03-06 12:30:00-05:00,MachineLearningCrypto,SMART,BTC,buy,crypto,stop,fill,48171.08,0.9475953791893478,1
2021-03-06 12:45:00-05:00,MachineLearningCrypto,SMART,BTC,sell,crypto,market,fill,48182.98,0.9402458134349614,1
2021-03-06 13:30:00-05:00,MachineLearningCrypto,SMART,BTC,buy,crypto,limit,canceled,,,1
2021-03-06 13:30:00-05:00,MachineLearningCrypto,SMART,BTC,buy,crypto,stop,fill,48415.40519999999,0.9402458134349614,1
2021-03-06 20:15:00-05:00,MachineLearningCrypto,SMART,BTC,sell,crypto,market,fill,49181.22,0.9272949448770007,1
2021-03-06 21:30:00-05:00,MachineLearningCrypto,SMART,BTC,buy,crypto,limit,canceled,,,1
2021-03-06 21:30:00-05:00,MachineLearningCrypto,SMART,BTC,buy,crypto,stop,fill,49530.63,0.9272949448770007,1
2021-03-07 02:00:00-05:00,MachineLearningCrypto,SMART,BTC,sell,crypto,market,fill,49459.61,0.9219699897362275,1
2021-03-07 03:00:00-05:00,MachineLearningCrypto,SMART,BTC,buy,crypto,limit,canceled,,,1
2021-03-07 03:00:00-05:00,MachineLearningCrypto,SMART,BTC,buy,crypto,stop,fill,50041.84,0.9219699897362275,1
2021-03-07 11:30:00-05:00,MachineLearningCrypto,SMART,BTC,sell,crypto,market,fill,50766.73,0.9050613649088576,1
2021-03-07 11:45:00-05:00,MachineLearningCrypto,SMART,BTC,buy,crypto,limit,canceled,,,1
2021-03-07 11:45:00-05:00,MachineLearningCrypto,SMART,BTC,buy,crypto,stop,fill,51120.604349999994,0.9050613649088576,1
2021-03-07 19:30:00-05:00,MachineLearningCrypto,SMART,BTC,sell,crypto,market,fill,51477.66,0.8974042505789864,1
2021-03-07 19:30:00-05:00,MachineLearningCrypto,SMART,BTC,buy,crypto,limit,canceled,,,1
2021-03-07 19:30:00-05:00,MachineLearningCrypto,SMART,BTC,buy,crypto,stop,fill,51604.507300000005,0.8974042505789864,1
2021-03-08 05:30:00-05:00,MachineLearningCrypto,SMART,BTC,sell,crypto,market,fill,49985.9,0.9086269816442142,1
2021-03-08 05:45:00-05:00,MachineLearningCrypto,SMART,BTC,buy,crypto,limit,canceled,,,1
2021-03-08 05:45:00-05:00,MachineLearningCrypto,SMART,BTC,buy,crypto,stop,fill,50192.92,0.9086269816442142,1
2021-03-08 07:15:00-05:00,MachineLearningCrypto,SMART,BTC,sell,crypto,market,fill,50340.0,0.9029020070843097,1
2021-03-08 08:30:00-05:00,MachineLearningCrypto,SMART,BTC,buy,crypto,limit,canceled,,,1
2021-03-08 08:30:00-05:00,MachineLearningCrypto,SMART,BTC,buy,crypto,stop,fill,50719.84,0.9029020070843097,1
2021-03-08 09:15:00-05:00,MachineLearningCrypto,SMART,BTC,sell,crypto,market,fill,50696.42,0.8953750616789478,1
2021-03-08 10:00:00-05:00,MachineLearningCrypto,SMART,BTC,buy,crypto,stop,canceled,,,1
2021-03-08 10:00:00-05:00,MachineLearningCrypto,SMART,BTC,buy,crypto,limit,fill,50680.77990000002,0.8953750616789478,1
2021-03-09 08:45:00-05:00,MachineLearningCrypto,SMART,BTC,buy,crypto,limit,canceled,,,1
2021-03-09 08:45:00-05:00,MachineLearningCrypto,SMART,BTC,buy,crypto,stop,fill,54467.29,0.8708042022560353,1
2021-03-09 08:45:00-05:00,MachineLearningCrypto,SMART,BTC,sell,crypto,market,fill,54467.29,0.8708042022560353,1
2021-03-10 03:30:00-05:00,MachineLearningCrypto,SMART,BTC,sell,crypto,market,fill,54442.35,0.8677210332734487,1
2021-03-10 04:30:00-05:00,MachineLearningCrypto,SMART,BTC,buy,crypto,limit,canceled,,,1
2021-03-10 04:30:00-05:00,MachineLearningCrypto,SMART,BTC,buy,crypto,stop,fill,54797.99,0.8677210332734487,1
2021-03-10 16:45:00-05:00,MachineLearningCrypto,SMART,BTC,sell,crypto,market,fill,56396.29,0.851521042651308,1
2021-03-10 17:00:00-05:00,MachineLearningCrypto,SMART,BTC,buy,crypto,limit,canceled,,,1
2021-03-10 17:00:00-05:00,MachineLearningCrypto,SMART,BTC,buy,crypto,stop,fill,56919.1,0.851521042651308,1
2021-03-10 20:45:00-05:00,MachineLearningCrypto,SMART,BTC,sell,crypto,market,fill,55568.52,0.854350565820003,1
2021-03-10 21:15:00-05:00,MachineLearningCrypto,SMART,BTC,buy,crypto,limit,canceled,,,1
2021-03-10 21:15:00-05:00,MachineLearningCrypto,SMART,BTC,buy,crypto,stop,fill,55943.34,0.854350565820003,1
2021-03-10 22:15:00-05:00,MachineLearningCrypto,SMART,BTC,sell,crypto,market,fill,56194.17,0.8455101113942282,1
2021-03-10 22:45:00-05:00,MachineLearningCrypto,SMART,BTC,buy,crypto,stop,canceled,,,1
2021-03-10 22:45:00-05:00,MachineLearningCrypto,SMART,BTC,buy,crypto,limit,fill,55746.36,0.8455101113942282,1
2021-03-11 05:45:00-05:00,MachineLearningCrypto,SMART,BTC,sell,crypto,market,fill,55109.13,0.8572441908101074,1
2021-03-11 06:00:00-05:00,MachineLearningCrypto,SMART,BTC,buy,crypto,limit,canceled,,,1
2021-03-11 06:00:00-05:00,MachineLearningCrypto,SMART,BTC,buy,crypto,stop,fill,55530.59,0.8572441908101074,1
2021-03-11 07:15:00-05:00,MachineLearningCrypto,SMART,BTC,sell,crypto,market,fill,56160.0,0.8460147130177926,1
2021-03-11 07:30:00-05:00,MachineLearningCrypto,SMART,BTC,buy,crypto,stop,canceled,,,1
2021-03-11 07:30:00-05:00,MachineLearningCrypto,SMART,BTC,buy,crypto,limit,fill,55961.65,0.8460147130177926,1
2021-03-11 08:15:00-05:00,MachineLearningCrypto,SMART,BTC,buy,crypto,limit,canceled,,,1
2021-03-11 08:15:00-05:00,MachineLearningCrypto,SMART,BTC,buy,crypto,stop,fill,56699.99,0.8476376375630459,1
2021-03-11 08:15:00-05:00,MachineLearningCrypto,SMART,BTC,sell,crypto,market,fill,56699.99,0.8476376375630459,1
2021-03-11 08:30:00-05:00,MachineLearningCrypto,SMART,BTC,sell,crypto,market,fill,56614.25,0.8452234562660986,1
2021-03-11 09:00:00-05:00,MachineLearningCrypto,SMART,BTC,buy,crypto,limit,canceled,,,1
2021-03-11 09:00:00-05:00,MachineLearningCrypto,SMART,BTC,buy,crypto,stop,fill,56921.18,0.8452234562660986,1
2021-03-11 11:30:00-05:00,MachineLearningCrypto,SMART,BTC,sell,crypto,market,fill,56885.02,0.8434411562680989,1
2021-03-11 11:30:00-05:00,MachineLearningCrypto,SMART,BTC,buy,crypto,limit,canceled,,,1
2021-03-11 11:30:00-05:00,MachineLearningCrypto,SMART,BTC,buy,crypto,stop,fill,56885.02,0.8434411562680989,1
2021-03-11 13:45:00-05:00,MachineLearningCrypto,SMART,BTC,buy,crypto,limit,canceled,,,1
2021-03-11 13:45:00-05:00,MachineLearningCrypto,SMART,BTC,buy,crypto,stop,fill,57442.74,0.8404072591240996,1
2021-03-11 13:45:00-05:00,MachineLearningCrypto,SMART,BTC,sell,crypto,market,fill,57442.74,0.8404072591240996,1
2021-03-11 17:00:00-05:00,MachineLearningCrypto,SMART,BTC,sell,crypto,market,fill,57573.7,0.837457948104148,1
2021-03-11 17:15:00-05:00,MachineLearningCrypto,SMART,BTC,buy,crypto,limit,canceled,,,1
2021-03-11 17:15:00-05:00,MachineLearningCrypto,SMART,BTC,buy,crypto,stop,fill,57746.66,0.837457948104148,1
2021-03-12 09:45:00-05:00,MachineLearningCrypto,SMART,BTC,sell,crypto,market,fill,56024.13,0.8454881322558191,1
2021-03-12 10:15:00-05:00,MachineLearningCrypto,SMART,BTC,buy,crypto,limit,canceled,,,1
2021-03-12 10:15:00-05:00,MachineLearningCrypto,SMART,BTC,buy,crypto,stop,fill,56469.79,0.8454881322558191,1
2021-03-12 11:00:00-05:00,MachineLearningCrypto,SMART,BTC,buy,crypto,limit,canceled,,,1
2021-03-12 11:00:00-05:00,MachineLearningCrypto,SMART,BTC,buy,crypto,stop,fill,56956.96,0.8378923170416045,1
2021-03-12 11:00:00-05:00,MachineLearningCrypto,SMART,BTC,sell,crypto,market,fill,56956.96,0.8378923170416045,1
2021-03-12 13:30:00-05:00,MachineLearningCrypto,SMART,BTC,sell,crypto,market,fill,57350.4,0.8327595981094441,1
2021-03-12 14:15:00-05:00,MachineLearningCrypto,SMART,BTC,buy,crypto,stop,canceled,,,1
2021-03-12 14:15:00-05:00,MachineLearningCrypto,SMART,BTC,buy,crypto,limit,fill,57280.241400000006,0.8327595981094441,1
2021-03-12 23:15:00-05:00,MachineLearningCrypto,SMART,BTC,sell,crypto,market,fill,56617.59,0.8382916542223174,1
2021-03-12 23:30:00-05:00,MachineLearningCrypto,SMART,BTC,buy,crypto,stop,canceled,,,1
2021-03-12 23:30:00-05:00,MachineLearningCrypto,SMART,BTC,buy,crypto,limit,fill,56441.92,0.8382916542223174,1
2021-03-13 03:15:00-05:00,MachineLearningCrypto,SMART,BTC,sell,crypto,market,fill,57559.99,0.8355866584370583,1
2021-03-13 05:00:00-05:00,MachineLearningCrypto,SMART,BTC,buy,crypto,limit,canceled,,,1
2021-03-13 05:00:00-05:00,MachineLearningCrypto,SMART,BTC,buy,crypto,stop,fill,57610.77,0.8355866584370583,1
2021-03-15 00:30:00-04:00,MachineLearningCrypto,SMART,BTC,sell,crypto,market,fill,60374.7,0.8173092469512813,1
2021-03-15 00:45:00-04:00,MachineLearningCrypto,SMART,BTC,buy,crypto,stop,canceled,,,1
2021-03-15 00:45:00-04:00,MachineLearningCrypto,SMART,BTC,buy,crypto,limit,fill,60080.11,0.8173092469512813,1
2021-03-15 08:00:00-04:00,MachineLearningCrypto,SMART,BTC,buy,crypto,stop,canceled,,,1
2021-03-15 08:00:00-04:00,MachineLearningCrypto,SMART,BTC,buy,crypto,limit,fill,56028.655000000006,0.844418015230984,1
2021-03-15 08:00:00-04:00,MachineLearningCrypto,SMART,BTC,sell,crypto,market,fill,56150.8,0.844418015230984,1
2021-03-15 09:15:00-04:00,MachineLearningCrypto,SMART,BTC,sell,crypto,market,fill,56523.22,0.8446476914234299,1
2021-03-15 09:30:00-04:00,MachineLearningCrypto,SMART,BTC,buy,crypto,limit,canceled,,,1
2021-03-15 09:30:00-04:00,MachineLearningCrypto,SMART,BTC,buy,crypto,stop,fill,57014.58,0.8446476914234299,1
2021-03-15 12:30:00-04:00,MachineLearningCrypto,SMART,BTC,sell,crypto,market,fill,56595.02,0.8403457481866052,1
2021-03-15 13:15:00-04:00,MachineLearningCrypto,SMART,BTC,buy,crypto,stop,canceled,,,1
2021-03-15 13:15:00-04:00,MachineLearningCrypto,SMART,BTC,buy,crypto,limit,fill,55914.18,0.8403457481866052,1
2021-03-15 15:45:00-04:00,MachineLearningCrypto,SMART,BTC,sell,crypto,market,fill,56431.46,0.84656027242471,1
2021-03-15 16:00:00-04:00,MachineLearningCrypto,SMART,BTC,buy,crypto,limit,canceled,,,1
2021-03-15 16:00:00-04:00,MachineLearningCrypto,SMART,BTC,buy,crypto,stop,fill,56570.37,0.84656027242471,1
2021-03-15 16:30:00-04:00,MachineLearningCrypto,SMART,BTC,sell,crypto,market,fill,56790.02,0.8426881859518486,1
2021-03-15 16:45:00-04:00,MachineLearningCrypto,SMART,BTC,buy,crypto,stop,canceled,,,1
2021-03-15 16:45:00-04:00,MachineLearningCrypto,SMART,BTC,buy,crypto,limit,fill,56420.58049999997,0.8426881859518486,1
2021-03-15 18:15:00-04:00,MachineLearningCrypto,SMART,BTC,sell,crypto,market,fill,56570.01,0.8453144134487844,1
2021-03-15 18:30:00-04:00,MachineLearningCrypto,SMART,BTC,buy,crypto,stop,canceled,,,1
2021-03-15 18:30:00-04:00,MachineLearningCrypto,SMART,BTC,buy,crypto,limit,fill,56249.96,0.8453144134487844,1
2021-03-15 21:30:00-04:00,MachineLearningCrypto,SMART,BTC,buy,crypto,limit,canceled,,,1
2021-03-15 21:30:00-04:00,MachineLearningCrypto,SMART,BTC,buy,crypto,stop,fill,54230.75,0.8681272550031126,1
2021-03-15 21:30:00-04:00,MachineLearningCrypto,SMART,BTC,sell,crypto,market,fill,54230.75,0.8681272550031126,1
2021-03-15 21:45:00-04:00,MachineLearningCrypto,SMART,BTC,sell,crypto,market,fill,54377.77,0.8654553698911556,1
2021-03-15 22:00:00-04:00,MachineLearningCrypto,SMART,BTC,buy,crypto,limit,canceled,,,1
2021-03-15 22:00:00-04:00,MachineLearningCrypto,SMART,BTC,buy,crypto,stop,fill,54533.729349999994,0.8654553698911556,1
2021-03-15 22:30:00-04:00,MachineLearningCrypto,SMART,BTC,sell,crypto,market,fill,54336.87,0.8615074487550607,1
2021-03-15 23:15:00-04:00,MachineLearningCrypto,SMART,BTC,buy,crypto,stop,canceled,,,1
2021-03-15 23:15:00-04:00,MachineLearningCrypto,SMART,BTC,buy,crypto,limit,fill,54009.81,0.8615074487550607,1
2021-03-16 03:00:00-04:00,MachineLearningCrypto,SMART,BTC,sell,crypto,market,fill,55060.05,0.8618138500678186,1
2021-03-16 03:15:00-04:00,MachineLearningCrypto,SMART,BTC,buy,crypto,limit,canceled,,,1
2021-03-16 03:15:00-04:00,MachineLearningCrypto,SMART,BTC,buy,crypto,stop,fill,55235.44,0.8618138500678186,1
2021-03-16 09:45:00-04:00,MachineLearningCrypto,SMART,BTC,buy,crypto,stop,canceled,,,1
2021-03-16 09:45:00-04:00,MachineLearningCrypto,SMART,BTC,buy,crypto,limit,fill,55233.41919999998,0.8550770864759335,1
2021-03-16 09:45:00-04:00,MachineLearningCrypto,SMART,BTC,sell,crypto,market,fill,55347.71,0.8550770864759335,1
2021-03-16 16:00:00-04:00,MachineLearningCrypto,SMART,BTC,sell,crypto,market,fill,55731.36,0.8555853967781751,1
2021-03-16 16:15:00-04:00,MachineLearningCrypto,SMART,BTC,buy,crypto,limit,canceled,,,1
2021-03-16 16:15:00-04:00,MachineLearningCrypto,SMART,BTC,buy,crypto,stop,fill,56081.52,0.8555853967781751,1
2021-03-16 20:00:00-04:00,MachineLearningCrypto,SMART,BTC,buy,crypto,limit,canceled,,,1
2021-03-16 20:00:00-04:00,MachineLearningCrypto,SMART,BTC,buy,crypto,stop,fill,56900.74,0.8481436117355445,1
2021-03-16 20:00:00-04:00,MachineLearningCrypto,SMART,BTC,sell,crypto,market,fill,56900.74,0.8481436117355445,1
2021-03-16 20:15:00-04:00,MachineLearningCrypto,SMART,BTC,sell,crypto,market,fill,56601.08,0.8438747396583219,1
2021-03-16 20:30:00-04:00,MachineLearningCrypto,SMART,BTC,buy,crypto,stop,canceled,,,1
2021-03-16 20:30:00-04:00,MachineLearningCrypto,SMART,BTC,buy,crypto,limit,fill,56376.98,0.8438747396583219,1
2021-03-16 22:45:00-04:00,MachineLearningCrypto,SMART,BTC,sell,crypto,market,fill,55780.69,0.8524045348679264,1
2021-03-16 23:00:00-04:00,MachineLearningCrypto,SMART,BTC,buy,crypto,stop,canceled,,,1
2021-03-16 23:00:00-04:00,MachineLearningCrypto,SMART,BTC,buy,crypto,limit,fill,55688.268499999984,0.8524045348679264,1
2021-03-17 02:15:00-04:00,MachineLearningCrypto,SMART,BTC,sell,crypto,market,fill,55933.21,0.8532524222111227,1
2021-03-17 03:00:00-04:00,MachineLearningCrypto,SMART,BTC,buy,crypto,limit,canceled,,,1
2021-03-17 03:00:00-04:00,MachineLearningCrypto,SMART,BTC,buy,crypto,stop,fill,56306.84,0.8532524222111227,1
2021-03-17 08:45:00-04:00,MachineLearningCrypto,SMART,BTC,sell,crypto,market,fill,55165.01,0.8571038282634658,1
2021-03-17 08:45:00-04:00,MachineLearningCrypto,SMART,BTC,buy,crypto,limit,canceled,,,1
2021-03-17 08:45:00-04:00,MachineLearningCrypto,SMART,BTC,buy,crypto,stop,fill,55187.672499999986,0.8571038282634658,1
2021-03-17 09:00:00-04:00,MachineLearningCrypto,SMART,BTC,sell,crypto,market,fill,55151.01,0.85619173954687,1
2021-03-17 10:15:00-04:00,MachineLearningCrypto,SMART,BTC,buy,crypto,stop,canceled,,,1
2021-03-17 10:15:00-04:00,MachineLearningCrypto,SMART,BTC,buy,crypto,limit,fill,54757.25,0.85619173954687,1
2021-03-17 14:30:00-04:00,MachineLearningCrypto,SMART,BTC,sell,crypto,market,fill,56528.19,0.8495054437726501,1
2021-03-17 14:45:00-04:00,MachineLearningCrypto,SMART,BTC,buy,crypto,limit,canceled,,,1
2021-03-17 14:45:00-04:00,MachineLearningCrypto,SMART,BTC,buy,crypto,stop,fill,57272.46,0.8495054437726501,1
2021-03-17 20:15:00-04:00,MachineLearningCrypto,SMART,BTC,sell,crypto,market,fill,59294.53,0.8278243039660177,1
2021-03-17 23:30:00-04:00,MachineLearningCrypto,SMART,BTC,buy,crypto,stop,canceled,,,1
2021-03-17 23:30:00-04:00,MachineLearningCrypto,SMART,BTC,buy,crypto,limit,fill,58630.1,0.8278243039660177,1
2021-03-18 11:45:00-04:00,MachineLearningCrypto,SMART,BTC,buy,crypto,limit,canceled,,,1
2021-03-18 11:45:00-04:00,MachineLearningCrypto,SMART,BTC,buy,crypto,stop,fill,58991.77,0.8365688674307759,1
2021-03-18 11:45:00-04:00,MachineLearningCrypto,SMART,BTC,sell,crypto,market,fill,58991.77,0.8365688674307759,1
2021-03-18 12:00:00-04:00,MachineLearningCrypto,SMART,BTC,sell,crypto,market,fill,59533.67,0.8322281767344776,1
2021-03-18 12:00:00-04:00,MachineLearningCrypto,SMART,BTC,buy,crypto,limit,canceled,,,1
2021-03-18 12:00:00-04:00,MachineLearningCrypto,SMART,BTC,buy,crypto,stop,fill,59609.4366,0.8322281767344776,1
2021-03-18 12:15:00-04:00,MachineLearningCrypto,SMART,BTC,sell,crypto,market,fill,59655.61,0.8286747978286546,1
2021-03-18 13:00:00-04:00,MachineLearningCrypto,SMART,BTC,buy,crypto,stop,canceled,,,1
2021-03-18 13:00:00-04:00,MachineLearningCrypto,SMART,BTC,buy,crypto,limit,fill,59074.61,0.8286747978286546,1
2021-03-19 16:30:00-04:00,MachineLearningCrypto,SMART,BTC,sell,crypto,market,fill,58511.02,0.8354251420180654,1
2021-03-19 16:30:00-04:00,MachineLearningCrypto,SMART,BTC,buy,crypto,stop,canceled,,,1
2021-03-19 16:30:00-04:00,MachineLearningCrypto,SMART,BTC,buy,crypto,limit,fill,58511.02,0.8354251420180654,1
2021-03-19 20:00:00-04:00,MachineLearningCrypto,SMART,BTC,sell,crypto,market,fill,58030.01,0.842699601083593,1
2021-03-19 20:30:00-04:00,MachineLearningCrypto,SMART,BTC,buy,crypto,limit,canceled,,,1
2021-03-19 20:30:00-04:00,MachineLearningCrypto,SMART,BTC,buy,crypto,stop,fill,58298.87,0.842699601083593,1
2021-03-21 10:45:00-04:00,MachineLearningCrypto,SMART,BTC,sell,crypto,market,fill,57199.99,0.8462427933046404,1
2021-03-21 11:15:00-04:00,MachineLearningCrypto,SMART,BTC,buy,crypto,limit,canceled,,,1
2021-03-21 11:15:00-04:00,MachineLearningCrypto,SMART,BTC,buy,crypto,stop,fill,57536.80745,0.8462427933046404,1
2021-03-21 23:30:00-04:00,MachineLearningCrypto,SMART,BTC,sell,crypto,market,fill,57323.07,0.8438135604963779,1
2021-03-22 00:00:00-04:00,MachineLearningCrypto,SMART,BTC,buy,crypto,limit,canceled,,,1
2021-03-22 00:00:00-04:00,MachineLearningCrypto,SMART,BTC,buy,crypto,stop,fill,57564.17,0.8438135604963779,1
2021-03-22 06:30:00-04:00,MachineLearningCrypto,SMART,BTC,sell,crypto,market,fill,58107.72,0.8357231402889936,1
2021-03-22 07:30:00-04:00,MachineLearningCrypto,SMART,BTC,buy,crypto,stop,canceled,,,1
2021-03-22 07:30:00-04:00,MachineLearningCrypto,SMART,BTC,buy,crypto,limit,fill,57706.93,0.8357231402889936,1
2021-03-22 21:45:00-04:00,MachineLearningCrypto,SMART,BTC,sell,crypto,market,fill,55164.87,0.8608861271586506,1
2021-03-22 21:45:00-04:00,MachineLearningCrypto,SMART,BTC,buy,crypto,limit,canceled,,,1
2021-03-22 21:45:00-04:00,MachineLearningCrypto,SMART,BTC,buy,crypto,stop,fill,55164.87,0.8608861271586506,1
2021-03-23 03:45:00-04:00,MachineLearningCrypto,SMART,BTC,sell,crypto,market,fill,53933.14,0.8682498786872117,1
2021-03-23 04:00:00-04:00,MachineLearningCrypto,SMART,BTC,buy,crypto,limit,canceled,,,1
2021-03-23 04:00:00-04:00,MachineLearningCrypto,SMART,BTC,buy,crypto,stop,fill,54166.12,0.8682498786872117,1
2021-03-23 08:30:00-04:00,MachineLearningCrypto,SMART,BTC,sell,crypto,market,fill,55108.86,0.8582880144316074,1
2021-03-23 08:30:00-04:00,MachineLearningCrypto,SMART,BTC,buy,crypto,limit,canceled,,,1
2021-03-23 08:30:00-04:00,MachineLearningCrypto,SMART,BTC,buy,crypto,stop,fill,55116.83675,0.8582880144316074,1
2021-03-23 09:30:00-04:00,MachineLearningCrypto,SMART,BTC,sell,crypto,market,fill,55271.52,0.8562558228438651,1
2021-03-23 09:45:00-04:00,MachineLearningCrypto,SMART,BTC,buy,crypto,limit,canceled,,,1
2021-03-23 09:45:00-04:00,MachineLearningCrypto,SMART,BTC,buy,crypto,stop,fill,55398.79914999999,0.8562558228438651,1
2021-03-23 21:45:00-04:00,MachineLearningCrypto,SMART,BTC,sell,crypto,market,fill,54193.69,0.8612538199634217,1
2021-03-24 01:15:00-04:00,MachineLearningCrypto,SMART,BTC,buy,crypto,stop,canceled,,,1
2021-03-24 01:15:00-04:00,MachineLearningCrypto,SMART,BTC,buy,crypto,limit,fill,53887.33509999994,0.8612538199634217,1
2021-03-24 03:00:00-04:00,MachineLearningCrypto,SMART,BTC,sell,crypto,market,fill,54661.64,0.8597923061641716,1
2021-03-24 03:15:00-04:00,MachineLearningCrypto,SMART,BTC,buy,crypto,limit,canceled,,,1
2021-03-24 03:15:00-04:00,MachineLearningCrypto,SMART,BTC,buy,crypto,stop,fill,55493.47,0.8597923061641716,1
2021-03-24 04:15:00-04:00,MachineLearningCrypto,SMART,BTC,sell,crypto,market,fill,55898.99,0.8491128827897265,1
2021-03-24 04:15:00-04:00,MachineLearningCrypto,SMART,BTC,buy,crypto,limit,canceled,,,1
2021-03-24 04:15:00-04:00,MachineLearningCrypto,SMART,BTC,buy,crypto,stop,fill,55898.99,0.8491128827897265,1
2021-03-24 04:30:00-04:00,MachineLearningCrypto,SMART,BTC,sell,crypto,market,fill,56152.82,0.845205292291093,1
2021-03-24 05:00:00-04:00,MachineLearningCrypto,SMART,BTC,buy,crypto,limit,canceled,,,1
2021-03-24 05:00:00-04:00,MachineLearningCrypto,SMART,BTC,buy,crypto,stop,fill,56365.245350000005,0.845205292291093,1
2021-03-24 08:15:00-04:00,MachineLearningCrypto,SMART,BTC,buy,crypto,limit,canceled,,,1
2021-03-24 08:15:00-04:00,MachineLearningCrypto,SMART,BTC,buy,crypto,stop,fill,56942.52260000002,0.8398443707310429,1
2021-03-24 08:15:00-04:00,MachineLearningCrypto,SMART,BTC,sell,crypto,market,fill,56884.1,0.8398443707310429,1
2021-03-24 14:00:00-04:00,MachineLearningCrypto,SMART,BTC,sell,crypto,market,fill,56125.9,0.8427725790385561,1
2021-03-24 14:30:00-04:00,MachineLearningCrypto,SMART,BTC,buy,crypto,stop,canceled,,,1
2021-03-24 14:30:00-04:00,MachineLearningCrypto,SMART,BTC,buy,crypto,limit,fill,55906.23,0.8427725790385561,1
2021-03-24 15:30:00-04:00,MachineLearningCrypto,SMART,BTC,sell,crypto,market,fill,55196.56,0.8493681397452444,1
2021-03-24 15:45:00-04:00,MachineLearningCrypto,SMART,BTC,buy,crypto,stop,canceled,,,1
2021-03-24 15:45:00-04:00,MachineLearningCrypto,SMART,BTC,buy,crypto,limit,fill,54764.26,0.8493681397452444,1
2021-03-24 22:45:00-04:00,MachineLearningCrypto,SMART,BTC,sell,crypto,market,fill,52390.72,0.8753903075679983,1
2021-03-24 23:30:00-04:00,MachineLearningCrypto,SMART,BTC,buy,crypto,stop,canceled,,,1
2021-03-24 23:30:00-04:00,MachineLearningCrypto,SMART,BTC,buy,crypto,limit,fill,52000.72,0.8753903075679983,1
2021-03-25 01:45:00-04:00,MachineLearningCrypto,SMART,BTC,sell,crypto,market,fill,52675.05,0.8755241147333759,1
2021-03-25 02:15:00-04:00,MachineLearningCrypto,SMART,BTC,buy,crypto,limit,canceled,,,1
2021-03-25 02:15:00-04:00,MachineLearningCrypto,SMART,BTC,buy,crypto,stop,fill,53176.56,0.8755241147333759,1
2021-03-25 06:15:00-04:00,MachineLearningCrypto,SMART,BTC,buy,crypto,stop,canceled,,,1
2021-03-25 06:15:00-04:00,MachineLearningCrypto,SMART,BTC,buy,crypto,limit,fill,52658.46,0.8691512062573653,1
2021-03-25 06:15:00-04:00,MachineLearningCrypto,SMART,BTC,sell,crypto,market,fill,52658.46,0.8691512062573653,1
2021-03-25 06:45:00-04:00,MachineLearningCrypto,SMART,BTC,sell,crypto,market,fill,52845.81,0.8697970320743852,1
2021-03-25 07:45:00-04:00,MachineLearningCrypto,SMART,BTC,buy,crypto,stop,canceled,,,1
2021-03-25 07:45:00-04:00,MachineLearningCrypto,SMART,BTC,buy,crypto,limit,fill,52499.99,0.8697970320743852,1
2021-03-25 09:00:00-04:00,MachineLearningCrypto,SMART,BTC,sell,crypto,market,fill,51076.93,0.8862805229814515,1
2021-03-25 09:15:00-04:00,MachineLearningCrypto,SMART,BTC,buy,crypto,stop,canceled,,,1
2021-03-25 09:15:00-04:00,MachineLearningCrypto,SMART,BTC,buy,crypto,limit,fill,50612.38,0.8862805229814515,1
2021-03-25 13:15:00-04:00,MachineLearningCrypto,SMART,BTC,sell,crypto,market,fill,51779.73,0.8888127655897486,1
2021-03-25 13:15:00-04:00,MachineLearningCrypto,SMART,BTC,buy,crypto,limit,canceled,,,1
2021-03-25 13:15:00-04:00,MachineLearningCrypto,SMART,BTC,buy,crypto,stop,fill,51779.73,0.8888127655897486,1
2021-03-25 13:30:00-04:00,MachineLearningCrypto,SMART,BTC,sell,crypto,market,fill,51560.81,0.8852666398976512,1
2021-03-25 14:45:00-04:00,MachineLearningCrypto,SMART,BTC,buy,crypto,limit,canceled,,,1
2021-03-25 14:45:00-04:00,MachineLearningCrypto,SMART,BTC,buy,crypto,stop,fill,52401.67,0.8852666398976512,1
2021-03-25 16:30:00-04:00,MachineLearningCrypto,SMART,BTC,sell,crypto,market,fill,52223.04,0.87206865366288,1
2021-03-25 16:30:00-04:00,MachineLearningCrypto,SMART,BTC,buy,crypto,stop,canceled,,,1
2021-03-25 16:30:00-04:00,MachineLearningCrypto,SMART,BTC,buy,crypto,limit,fill,52223.04,0.87206865366288,1
2021-03-25 18:15:00-04:00,MachineLearningCrypto,SMART,BTC,sell,crypto,market,fill,52559.92,0.8728992362338931,1
2021-03-25 18:45:00-04:00,MachineLearningCrypto,SMART,BTC,buy,crypto,stop,canceled,,,1
2021-03-25 18:45:00-04:00,MachineLearningCrypto,SMART,BTC,buy,crypto,limit,fill,52124.33,0.8728992362338931,1
2021-03-26 00:00:00-04:00,MachineLearningCrypto,SMART,BTC,sell,crypto,market,fill,52407.19,0.8755805929325237,1
2021-03-26 00:15:00-04:00,MachineLearningCrypto,SMART,BTC,buy,crypto,stop,canceled,,,1
2021-03-26 00:15:00-04:00,MachineLearningCrypto,SMART,BTC,buy,crypto,limit,fill,52326.57,0.8755805929325237,1
2021-03-26 04:00:00-04:00,MachineLearningCrypto,SMART,BTC,buy,crypto,limit,canceled,,,1
2021-03-26 04:00:00-04:00,MachineLearningCrypto,SMART,BTC,buy,crypto,stop,fill,53569.24,0.8719555522501805,1
2021-03-26 04:00:00-04:00,MachineLearningCrypto,SMART,BTC,sell,crypto,market,fill,53569.24,0.8719555522501805,1
2021-03-26 07:45:00-04:00,MachineLearningCrypto,SMART,BTC,sell,crypto,market,fill,52933.52,0.8743859213625126,1
2021-03-26 08:15:00-04:00,MachineLearningCrypto,SMART,BTC,buy,crypto,limit,canceled,,,1
2021-03-26 08:15:00-04:00,MachineLearningCrypto,SMART,BTC,buy,crypto,stop,fill,53200.0,0.8743859213625126,1
2021-03-26 10:00:00-04:00,MachineLearningCrypto,SMART,BTC,buy,crypto,limit,canceled,,,1
2021-03-26 10:00:00-04:00,MachineLearningCrypto,SMART,BTC,buy,crypto,stop,fill,53443.35370000001,0.869127335404901,1
2021-03-26 10:00:00-04:00,MachineLearningCrypto,SMART,BTC,sell,crypto,market,fill,53316.81,0.869127335404901,1
2021-03-26 19:45:00-04:00,MachineLearningCrypto,SMART,BTC,sell,crypto,market,fill,54668.77,0.8567932197088685,1
2021-03-26 20:00:00-04:00,MachineLearningCrypto,SMART,BTC,buy,crypto,limit,canceled,,,1
2021-03-26 20:00:00-04:00,MachineLearningCrypto,SMART,BTC,buy,crypto,stop,fill,55029.79015000002,0.8567932197088685,1
2021-03-27 00:15:00-04:00,MachineLearningCrypto,SMART,BTC,sell,crypto,market,fill,54969.55,0.8541101411274759,1
2021-03-27 00:30:00-04:00,MachineLearningCrypto,SMART,BTC,buy,crypto,limit,canceled,,,1
2021-03-27 00:30:00-04:00,MachineLearningCrypto,SMART,BTC,buy,crypto,stop,fill,55165.86,0.8541101411274759,1
2021-03-31 02:45:00-04:00,MachineLearningCrypto,SMART,BTC,sell,crypto,market,fill,59590.04,0.822942180629548,1
2021-03-31 04:00:00-04:00,MachineLearningCrypto,SMART,BTC,buy,crypto,stop,canceled,,,1
2021-03-31 04:00:00-04:00,MachineLearningCrypto,SMART,BTC,buy,crypto,limit,fill,58173.82,0.822942180629548,1
2021-03-31 08:30:00-04:00,MachineLearningCrypto,SMART,BTC,sell,crypto,market,fill,58120.45,0.8415455182493847,1
2021-03-31 09:15:00-04:00,MachineLearningCrypto,SMART,BTC,buy,crypto,limit,canceled,,,1
2021-03-31 09:15:00-04:00,MachineLearningCrypto,SMART,BTC,buy,crypto,stop,fill,58231.5225,0.8415455182493847,1
2021-03-31 09:45:00-04:00,MachineLearningCrypto,SMART,BTC,sell,crypto,market,fill,58660.0,0.8380119999428303,1
2021-03-31 09:45:00-04:00,MachineLearningCrypto,SMART,BTC,buy,crypto,limit,canceled,,,1
2021-03-31 09:45:00-04:00,MachineLearningCrypto,SMART,BTC,buy,crypto,stop,fill,58773.3263,0.8380119999428303,1
2021-03-31 11:30:00-04:00,MachineLearningCrypto,SMART,BTC,sell,crypto,market,fill,59107.02,0.8322048481360947,1
2021-03-31 16:15:00-04:00,MachineLearningCrypto,SMART,BTC,buy,crypto,market,fill,58485.06,0.8428455556511796,1
2021-03-31 17:00:00-04:00,MachineLearningCrypto,SMART,BTC,sell,crypto,stop,canceled,,,1
2021-03-31 17:00:00-04:00,MachineLearningCrypto,SMART,BTC,sell,crypto,limit,fill,58992.75289999996,0.8428455556511796,1
2021-04-01 00:15:00-04:00,MachineLearningCrypto,SMART,BTC,buy,crypto,market,fill,59112.89,0.8372847947996448,1
2021-04-01 01:00:00-04:00,MachineLearningCrypto,SMART,BTC,sell,crypto,limit,canceled,,,1
2021-04-01 01:00:00-04:00,MachineLearningCrypto,SMART,BTC,sell,crypto,stop,fill,58869.99,0.8372847947996448,1
2021-04-01 01:15:00-04:00,MachineLearningCrypto,SMART,BTC,buy,crypto,market,fill,58799.0,0.8380222133294537,1
2021-04-01 03:00:00-04:00,MachineLearningCrypto,SMART,BTC,sell,crypto,limit,canceled,,,1
2021-04-01 03:00:00-04:00,MachineLearningCrypto,SMART,BTC,sell,crypto,stop,fill,58731.023199999996,0.8380222133294537,1
